Artist_Name,Channel_Name,Song_Name,Video_Description,YouTube_Link,
100%,1theK,Bad Boy,Official Music Video,https://www.youtube.com/watch?v=sUcXhDmE7fE,
100%,100PERCENT,Beat,Official Music Video,https://www.youtube.com/watch?v=QYMpINYh4pk,
100%,100PERCENT,Better Day,Official Music Video,https://www.youtube.com/watch?v=XtiD4SS9msk,
100%,1theK,Better Day,Official MV,https://www.youtube.com/watch?v=9A9z8lXwl28,
100%,100PERCENT,U Beauty,Official Music Video,https://www.youtube.com/watch?v=7lcKKnPSwTY,
100%,100PERCENT,Want U Back,Official Music Video,https://www.youtube.com/watch?v=FxXCVxFZf2Q,
24K,1theK,Bingo,Official Music Video,https://www.youtube.com/watch?v=zEOo_zSAXxw,
24K,1theK,Hey You,Official Music Video,https://www.youtube.com/watch?v=utggP1n2P-o,
24K,Genie Music,Only You,Official Music Video,https://www.youtube.com/watch?v=UPOvNE6y3CE,
24K,1theK,Still 24K,Official Music Video,https://www.youtube.com/watch?v=WPsAtmGofT0,
24K,1theK,Super Fly,Official Music Video,https://www.youtube.com/watch?v=CnmLjdvTeCE,
24K,1theK,U R So Cute,Official Music Video,https://www.youtube.com/watch?v=cgJv3pJc1jw,
2NE1,2NE1,Can't Nobody,Official MV,https://www.youtube.com/watch?v=KQEabAesufg,
2NE1,2NE1,Clap Your Hands,Official MV,https://www.youtube.com/watch?v=ZTw-UM5Jy4E,
2NE1,2NE1,Come Back Home,Dance Practice,https://www.youtube.com/watch?v=0RUvealeXZ0,
2NE1,2NE1,Come Back Home,Official MV,https://www.youtube.com/watch?v=vLbfv-AAyvQ,
2NE1,2NE1,Crush,Official MV (Japanese Version),https://www.youtube.com/watch?v=TpC3TBIvRSk,
2NE1,2NE1,Do You Love Me,Dance Practice,https://www.youtube.com/watch?v=gwVWMmcM7HQ,
2NE1,2NE1,Do You Love Me,Official MV,https://www.youtube.com/watch?v=HRTb81FpWq0,
2NE1,2NE1,Falling in Love,Dance Practice,https://www.youtube.com/watch?v=gceDuSLvCPU,
2NE1,2NE1,Falling in Love,Official MV,https://www.youtube.com/watch?v=zEVd9pSG85Q,
2NE1,2NE1,Fire,Official MV (Space Version),https://www.youtube.com/watch?v=ISEoXdHb4W4,
2NE1,2NE1,Fire,Official MV (Street Version),https://www.youtube.com/watch?v=49AfuuRbgGo,
2NE1,2NE1,Follow Me,Official MV,https://www.youtube.com/watch?v=0q62LBAbphk,
2NE1,2NE1,Go Away,Official MV,https://www.youtube.com/watch?v=3yW13T2sfKg,
2NE1,2NE1,Goodbye,Official MV,https://www.youtube.com/watch?v=wEkLHC7l25w,
2NE1,2NE1,Gotta Be You,Dance Practice,https://www.youtube.com/watch?v=9Lk6lnTS5sU,
2NE1,2NE1,Gotta Be You,Official MV,https://www.youtube.com/watch?v=zdKTgwffmdo,
2NE1,2NE1,Happy,Official MV,https://www.youtube.com/watch?v=didptMJxjpE,
2NE1,2NE1,I Am The Best,Dance Practice,https://www.youtube.com/watch?v=fl19JYqW6MI,
2NE1,2NE1,I Am The Best,Official Music Video,https://www.youtube.com/watch?v=j7_lSP8Vc3o,
2NE1,2NE1,I Don't Care,Official MV,https://www.youtube.com/watch?v=zdZya6yATn0,
2NE1,2NE1,I Hate You,Official MV,https://www.youtube.com/watch?v=NB5jyYD2WEw,
2NE1,2NE1,I Love You,Dance Practice,https://www.youtube.com/watch?v=ZZEiDiDhlpI,
2NE1,2NE1,I Love You,Official MV,https://www.youtube.com/watch?v=LUrUPzLm5SI,
2NE1,2NE1,It Hurts,Official MV,https://www.youtube.com/watch?v=aUiMaz4BNKw,
2NE1,2NE1,Lonely,Official MV,https://www.youtube.com/watch?v=5n4V3lGEyG4,
2NE1,2NE1,Missing You,Official MV,https://www.youtube.com/watch?v=AG0jlKdB1s0,
2NE1,2NE1,MTBD,Live Performance,https://www.youtube.com/watch?v=cQ6xU7SSEn4,
2NE1,2NE1,Ugly,Official MV,https://www.youtube.com/watch?v=NGe0hHvAGkc,
4Minute,4Minute Offical Youtube Channel,Cold Rain,Official Music Video,https://www.youtube.com/watch?v=ZT9zbZGB2gE,
4Minute,4Minute Offical Youtube Channel,Crazy,Official Music Video,https://www.youtube.com/watch?v=1nCLBTmjJBY,
4Minute,4Minute Offical Youtube Channel,First,Official Music Video,https://www.youtube.com/watch?v=P1L8k4KXmbs,
4Minute,4Minute Offical Youtube Channel,Hate,Official Music Video,https://www.youtube.com/watch?v=D_F9HUTYnl0,
4Minute,4Minute Offical Youtube Channel,Heart to Heart,Official Music Video,https://www.youtube.com/watch?v=h97jt1XtnGQ,
4Minute,4Minute Offical Youtube Channel,HUH,Official Music Video,https://www.youtube.com/watch?v=kRbIZtUS2Ag,
4Minute,4Minute Offical Youtube Channel,Love Tension,Official Music Video,https://www.youtube.com/watch?v=omRLij2knRk,
4Minute,4Minute Offical Youtube Channel,Mirror Mirror,Official Music Video,https://www.youtube.com/watch?v=1fOG_wcV_oU,
4Minute,4Minute Offical Youtube Channel,Ready Go,Official Music Video,https://www.youtube.com/watch?v=gy13NPM4rMs,
4Minute,4Minute Offical Youtube Channel,Volume Up,Official Music Video,https://www.youtube.com/watch?v=qsWl1--Niyg,
4Minute,United CUBE (CUBE Entertainment Official YouTube Channel),Watcha Doin' Today,Choreography Practice,https://www.youtube.com/watch?v=0K1fWppGvgk,
4Minute,4Minute Offical Youtube Channel,Why,Official Music Video,https://www.youtube.com/watch?v=bqYWpzb65rE,
9Muses,Genie Music,Drama,Official Music Video,https://www.youtube.com/watch?v=0meMvE_7i1s,
9Muses,Genie Music,Hurt Locker,Official Music Video,https://www.youtube.com/watch?v=sna6j078eOw,
9Muses,Genie Music,Love City,Official Music Video,https://www.youtube.com/watch?v=DojqyA3Ma2k,
9Muses,Genie Music,Remember,Official Music Video,https://www.youtube.com/watch?v=9fbrjY1S73E,
9Muses,Genie Music,Sleepless Night,Official Music Video,https://www.youtube.com/watch?v=wNnV2D7ME7A,
AKMU,Akdong Musician (AKMU),200%,Dance Practice,https://www.youtube.com/watch?v=G3bCySwslno,
AKMU,Akdong Musician (AKMU),200%,Official MV,https://www.youtube.com/watch?v=0Oi8jDMvd_w,
AKMU,Akdong Musician (AKMU),Dinosaur,Official MV,https://www.youtube.com/watch?v=8Oz7DG76ibY,
AKMU,Akdong Musician (AKMU),Give Love,Dance Practice,https://www.youtube.com/watch?v=aomI9IvlWiY,
AKMU,Akdong Musician (AKMU),Give Love,Official MV,https://www.youtube.com/watch?v=x2XX3cNW4K0,
AKMU,Akdong Musician (AKMU),How People Move,Dance Practice,https://www.youtube.com/watch?v=OI4e5VhwnLM,
AKMU,Akdong Musician (AKMU),How People Move,Official MV,https://www.youtube.com/watch?v=sbc2yBheAbo,
AKMU,Akdong Musician (AKMU),Last Goodbye,Official MV,https://www.youtube.com/watch?v=wEQpfil0IYA,
AKMU,Akdong Musician (AKMU),Melted,Official MV,https://www.youtube.com/watch?v=sUCIzn0mRHc,
AKMU,Akdong Musician (AKMU),Re-Bye,Dance Practice,https://www.youtube.com/watch?v=6bhoypqmpRc,
AKMU,Akdong Musician (AKMU),Re-Bye,Official MV,https://www.youtube.com/watch?v=ST8O-AeY3Uo,
AOA,AOA,Bing Bing,Official Music Video,https://www.youtube.com/watch?v=e50F8MreYig,
AOA,AOA,Confused,Official Music Video,https://www.youtube.com/watch?v=R1-BTf3_Mys,
AOA,AOA,Elvis,Official Music Video,https://www.youtube.com/watch?v=e5KOIrBcwj8,
AOA,AOA,Excuse Me,Official Music Video,https://www.youtube.com/watch?v=WhXefyLs-uw,
AOA,AOA,Good Luck,Official Music Video,https://www.youtube.com/watch?v=gZusjfI8PdQ,
AOA,AOA,Heart Attack,Official Music Video,https://www.youtube.com/watch?v=1pBgMBBsv4k,
AOA,AOA,Like a Cat,Official Music Video,https://www.youtube.com/watch?v=qEYOyZVWlzs,
AOA,AOA,Mini Skirt,Official Music Video,https://www.youtube.com/watch?v=q6f-LLM1H6U,
AOA,AOA,Short Hair,Official Music Video,https://www.youtube.com/watch?v=N5wzkQvzp4c,
Astro,ASTRO,Baby,Official Music Video,https://www.youtube.com/watch?v=IwqEXtsvaDg,
Astro,fantagio,Breathless,Official Music Video,https://www.youtube.com/watch?v=aBNyHAasnSM,
Astro,fantagio,Confession,Official Music Video,https://www.youtube.com/watch?v=tuAm9KH2dkY,
Astro,ASTRO,Crazy Sexy Cool,Official Music Video,https://www.youtube.com/watch?v=xeUx0AN2kCA,
Astro,fantagio,Hide&Seek,Official Music Video,https://www.youtube.com/watch?v=KEgSjGQEZnM,
Astro,fantagio,Hide&Seek,Performance Version,https://www.youtube.com/watch?v=jT1zdCZnEww,
BEAST,BEAST Official Youtube Channel,Bad Girl,Official Music Video,https://www.youtube.com/watch?v=fA_rXpyF67s,
BEAST,BEAST Official Youtube Channel,Beautiful,Official Music Video,https://www.youtube.com/watch?v=Ur7mtOA1ST4,
BEAST,BEAST Official Youtube Channel,Beautiful Night,Official Music Video,https://www.youtube.com/watch?v=ckIGhwQtd-c,
BEAST,BEAST Official Youtube Channel,Breath,Official Music Video,https://www.youtube.com/watch?v=HTbC1UsBtek,
BEAST,BEAST Official Youtube Channel,Fiction,Official Music Video,https://www.youtube.com/watch?v=ZAzWT8mRoR0,
BEAST,BEAST Official Youtube Channel,Good Luck,Official Music Video,https://www.youtube.com/watch?v=Hs8QGv2VqJA,
BEAST,BEAST Official Youtube Channel,Mystery,Special Music Video,https://www.youtube.com/watch?v=wv7Yn31Efx0,
BEAST,BEAST Official Youtube Channel,Ribbon,Official Music Video,https://www.youtube.com/watch?v=QQXsknBbcG0,
BEAST,BEAST Official Youtube Channel,Shadow,Official Music Video,https://www.youtube.com/watch?v=7Y3ZRYQl4Qo,
BEAST,BEAST Official Youtube Channel,Shock,Official Music Video,https://www.youtube.com/watch?v=JXxGo1MvNls,
BEAST,BEAST Official Youtube Channel,YeY,Official Music Video,https://www.youtube.com/watch?v=8JQJ83aFNo8,
Berry Good,CJENMMUSIC Official,Angel,Official Music Video,https://www.youtube.com/watch?v=b6tfeK4NLuU,
Berry Good,1theK,Because of You,Official Music Video,https://www.youtube.com/watch?v=_ITfI3XC-3Q,
Berry Good,1theK,BibbidiBobbidiBoo,Official Music Video,https://www.youtube.com/watch?v=dTdsfJj4YlA,
Berry Good,CJENMMUSIC Official,Don't Believe,Official Music Video,https://www.youtube.com/watch?v=bAicySTsvLo,
Berry Good,Genie Music,Love Letter,Official Music Video,https://www.youtube.com/watch?v=2cgmVZgqpfI,
Bestie,1theK,Excuse Me,Official Music Video,https://www.youtube.com/watch?v=AuVi2ib-0qQ,
Bestie,1theK,Hot Baby,Official Music Video,https://www.youtube.com/watch?v=mS0-Rw2mfco,
Bestie,1theK,Love Options,Official Music Video,https://www.youtube.com/watch?v=NPqtL1dtrlA,
Bestie,1theK,PitaPat,Official Music Video,https://www.youtube.com/watch?v=gtyi5LQdfBE,
Bestie,1theK,Thank U Very Much,Official Music Video,https://www.youtube.com/watch?v=BS3BYJYhEk4,
BIgBang,BIGBANG,Bad Boy,Official Music Video,https://www.youtube.com/watch?v=1qnV55LUFVM,
BigBang,BIGBANG,Bae Bae,Official Music Video,https://www.youtube.com/watch?v=TKD03uPVD-Q,
BigBang,BIGBANG,Bang Bang Bang,Official Music Video,https://www.youtube.com/watch?v=2ips2mM7Zqw,
Bigbang,BIGBANG,Blue,Official Music Video,https://www.youtube.com/watch?v=2GRP1rkE4O0,
BigBang,BIGBANG,Fantastic Baby,Official Music Video,https://www.youtube.com/watch?v=AAbokV76tkU,
BigBang,BIGBANG,FXXK IT,Official Music Video,https://www.youtube.com/watch?v=iIPH8LFYFRk,
Bigbang,BIGBANG,Let's Not Fall In Love,SBS Live Performance,https://www.youtube.com/watch?v=R52TP_heVWk,
BigBang,BIGBANG,Loser,Official Music Video,https://www.youtube.com/watch?v=1CTced9CMMk,
BigBang,BIGBANG,Sober,Official Music Video,https://www.youtube.com/watch?v=MBNQgq56egk,
Blackpink,BLACKPINK,As If It Was Your Last,Dance Practice,https://www.youtube.com/watch?v=hKUJmA9O6iA,
Blackpink,BLACKPINK,As If It Was Your Last,Official Music Video,https://www.youtube.com/watch?v=Amq-qlqbjYA,
Blackpink,BLACKPINK,Boombayah,Dance Practice,https://www.youtube.com/watch?v=ivoS3HUJB3Q,
Blackpink,BLACKPINK,Boombayah,Official Music Video,https://www.youtube.com/watch?v=bwmSjveL3Lc,
Blackpink,BLACKPINK,Ddu-du Ddu-du,Official MV,https://www.youtube.com/watch?v=IHNzOHi8sJs,
Blackpink,BLACKPINK,Playing With Fire,Dance Practice,https://www.youtube.com/watch?v=NvWfJTbrTBY,
Blackpink,BLACKPINK,Playing With Fire,Official Music Video,https://www.youtube.com/watch?v=9pdj4iJD08s,
Blackpink,BLACKPINK,Stay,Official Music Video,https://www.youtube.com/watch?v=FzVR_fymZw4,
Blackpink,BLACKPINK,Whistle,Dance Practice,https://www.youtube.com/watch?v=1kYrp_Bs8DU,
Blackpink,BLACKPINK,Whistle,Official Music Video,https://www.youtube.com/watch?v=dISNgvVpWlo,
BoA,SMTOWN,Camo,Official MV,https://www.youtube.com/watch?v=bKqe9zqMUcI,
BoA,SMTOWN,Copy&Paste,Official MV,https://www.youtube.com/watch?v=hhBwPj7NpBk,
BoA,SMTOWN,Disturbance,Official MV,https://www.youtube.com/watch?v=ac4e7PRl_Ec,
BoA,SMTOWN,Eat You Up,Official MV,https://www.youtube.com/watch?v=OLnr2u_nj10,
BoA,SMTOWN,Eat You Up,Official MV (Cha Version),https://www.youtube.com/watch?v=cthQfJ_Sbk0,
BoA,SMTOWN,Energetic,Official MV,https://www.youtube.com/watch?v=qE05Bv1e_fo,
BoA,SMTOWN,Game,Official MV,https://www.youtube.com/watch?v=B0Xsa-2sTLA,
BoA,SMTOWN,Hurrican Venus,Official MV,https://www.youtube.com/watch?v=vz7Gstx5ogk,
BoA,SMTOWN,Jazzclub,Official MV,https://www.youtube.com/watch?v=xP-DFPuODcM,
BoA,SMTOWN,Milky Way,Official MV,https://www.youtube.com/watch?v=M48JMEkiu3Q,
BoA,SMTOWN,My Name,Official MV,https://www.youtube.com/watch?v=mR8i0fRVmSA,
BoA,SMTOWN,My Sweetie,Official MV,https://www.youtube.com/watch?v=eloisKQd7TA,
BoA,SMTOWN,Nega Dola,Official Music Video,https://www.youtube.com/watch?v=pykyNOEVqCU,
BoA,SMTOWN,No.1,Official MV,https://www.youtube.com/watch?v=ceZc-5p3g1w,
BoA,SMTOWN,"One Shot, Two Shot",Official Music Video,https://www.youtube.com/watch?v=Xg_4tbLnIOc,
BoA,SMTOWN,Only One,Official MV (Dance version),https://www.youtube.com/watch?v=PQjovLrnvVo,
BoA,SMTOWN,The Shadow,Official MV,https://www.youtube.com/watch?v=8fHERLFv-FU,
BoA,SMTOWN,Who Are You,Official MV,https://www.youtube.com/watch?v=-sjfQWGkGF4,
Bobby,iKON,Firework,Official MV,https://www.youtube.com/watch?v=zwgqcW7WY2Y,
Bobby,iKON,Holup!,Official Music Video,https://www.youtube.com/watch?v=-Tap_zZdkYA,
Bobby,iKON,I Love You,Official MV,https://www.youtube.com/watch?v=KBk0-QDjWfA,
Bobby,iKON,Runaway,Official MV,https://www.youtube.com/watch?v=_MKJY4vAc5o,
Bobby,iKON,Swim,Official MV,https://www.youtube.com/watch?v=spCXRKpkLjE,
Bobby,iKON,Tendae,Official MV,https://www.youtube.com/watch?v=1P3bBpLDpWs,
Born To Beat,BTOB 비투비 (Official YouTube Channel),Insane,Official Music Video,https://www.youtube.com/watch?v=FmuHZa6DQOc,
Boyfriend,starshipTV,Bounce,Official MV,https://www.youtube.com/watch?v=hnum0Qie2rY,
Boyfriend,starshipTV,Bounce,Official MV (Forest version),https://www.youtube.com/watch?v=yGWqS6hkbXU,
Boyfriend,starshipTV,Boyfriend,Dance Practice,https://www.youtube.com/watch?v=WRttwRhPl68,
Boyfriend,StarshipTV,Boyfriend,Official Music Video,https://www.youtube.com/watch?v=zd5GGvWWnzU,
Boyfriend,starshipTV,Don't Touch My Girl,Official MV,https://www.youtube.com/watch?v=f1cZ2uzxCjI,
Boyfriend,starshipTV,I Yah,Dance Practice,https://www.youtube.com/watch?v=uM623sYkm_I,
Boyfriend,starshipTV,I Yah,Official MV,https://www.youtube.com/watch?v=utJrJuBQ244,
Boyfriend,starshipTV,I'll Be There,Dance Practice,https://www.youtube.com/watch?v=Aj1J24NtIa0,
Boyfriend,starshipTV,I'll Be There,Official MV,https://www.youtube.com/watch?v=CipF26oiY54,
Boyfriend,starshipTV,Janus,Dance Practice,https://www.youtube.com/watch?v=94LBcDP_7hE,
Boyfriend,starshipTV,Janus,Official MV,https://www.youtube.com/watch?v=fPhfnAQGB0E,
Boyfriend,starshipTV,Love Style,Dance Practice,https://www.youtube.com/watch?v=stt5i8wtCa4,
Boyfriend,starshipTV,Obsession,Dance Practice,https://www.youtube.com/watch?v=GpJoM9RvuUI,
Boyfriend,starshipTV,On&On,Official MV,https://www.youtube.com/watch?v=DMBWex5v1fE,
Boyfriend,starshipTV,Star,Official MV,https://www.youtube.com/watch?v=iAVAhkvXXoQ,
Boyfriend,starshipTV,Star,Official MV (Eye Cotact Version),https://www.youtube.com/watch?v=x8S6A0TqZiQ,
Boyfriend,starshipTV,Sunshower,Official MV,https://www.youtube.com/watch?v=gRE1wRtg4tc,
Boyfriend,starshipTV,To My Bestfriend,Official MV,https://www.youtube.com/watch?v=CpennpBiMqA,
Boyfriend,starshipTV,White Out,Official MV,https://www.youtube.com/watch?v=B8QLLknB6Kw,
Boyfriend,starshipTV,Witch,Dance Practice,https://www.youtube.com/watch?v=8AflJB-Il-I,
Boyfriend,starshipTV,Witch,Official MV,https://www.youtube.com/watch?v=o1nkmcTZEcs,
BTOB,BTOB 비투비 (Official YouTube Channel),Beep Beep,Official MV,https://www.youtube.com/watch?v=qgtaSJ3PSMM,
BTOB,BTOB 비투비 (Official YouTube Channel),I'll Be Your Man,Official MV,https://www.youtube.com/watch?v=__BFUf_nJl0,
BTOB,BTOB 비투비 (Official YouTube Channel),I's Okay,Official MV (Dance version),https://www.youtube.com/watch?v=f4rN5Y7Dx_I,
BTOB,BTOB 비투비 (Official YouTube Channel),Irresistable Lips,Official MV,https://www.youtube.com/watch?v=uTB_2OfZMrk,
BTOB,BTOB 비투비 (Official YouTube Channel),It's Okay,Official MV,https://www.youtube.com/watch?v=SNpuKLfv1EE,
BTOB,BTOB 비투비 (Official YouTube Channel),Lover Boy,Official MV,https://www.youtube.com/watch?v=PpkKMO6Xr8Q,
BTOB,BTOB 비투비 (Official YouTube Channel),Missing You,Official MV,https://www.youtube.com/watch?v=wDkjWSt3HOM,
BTOB,BTOB 비투비 (Official YouTube Channel),Movie,Official MV,https://www.youtube.com/watch?v=QgoJwhfV60A,
BTOB,BTOB 비투비 (Official YouTube Channel),Remember That,Official MV,https://www.youtube.com/watch?v=vcnv3jjWgSc,
BTOB,BTOB 비투비 (Official YouTube Channel),Second Confession,Official MV,https://www.youtube.com/watch?v=7zuoNuI4fHQ,
BTOB,BTOB 비투비 (Official YouTube Channel),Second Confession,Official MV (PJ Version),https://www.youtube.com/watch?v=i06rYg2Kqyg,
BTOB,BTOB 비투비 (Official YouTube Channel),Stand By Me,Official MV,https://www.youtube.com/watch?v=33GODknx04I,
BTOB,BTOB 비투비 (Official YouTube Channel),The Winter's Tale,Official MV,https://www.youtube.com/watch?v=CWAhNgjB5jM,
BTOB,BTOB 비투비 (Official YouTube Channel),Thriller,Official MV,https://www.youtube.com/watch?v=khE7pSOgDbA,
BTOB,BTOB 비투비 (Official YouTube Channel),Way Back Home,Official MV,https://www.youtube.com/watch?v=lr-MkPRHFms,
BTOB,BTOB 비투비 (Official YouTube Channel),When I Was Your Man,Official MV,https://www.youtube.com/watch?v=-WUZYewLvxM,
BTOB,BTOB 비투비 (Official YouTube Channel),Wow,Official MV,https://www.youtube.com/watch?v=cXcUXWL1mJA,
BTOB,BTOB 비투비 (Official YouTube Channel),Wow,Official MV (Dance version),https://www.youtube.com/watch?v=8LzvqJLPLLU,
BTOB,BTOB 비투비 (Official YouTube Channel),You Can Cry,Official MV,https://www.youtube.com/watch?v=ICVx-mi3eYI,
BTOB,BTOB 비투비 (Official YouTube Channel),You're So Fly,Official MV,https://www.youtube.com/watch?v=RQoOEEnKlVY,
BTOB,BTOB 비투비 (Official YouTube Channel),아버지,Official MV,https://www.youtube.com/watch?v=J6wwClvnq8Y,
BTOB,BTOB 비투비 (Official YouTube Channel),아버지,Official MV (Special Version),https://www.youtube.com/watch?v=Ngo6CGwg5Pw,
BTS,ibighit,Blood Sweat & Tears,Official Music Video,https://www.youtube.com/watch?v=hmE9f-TEutc,
BTS,1theK,Boy in Luv,Official Music Video,https://www.youtube.com/watch?v=m8MfJg68oCs,
BTS,ibighit,Boy in Luv,Official Music Video,https://www.youtube.com/watch?v=LHHjp3IMjMk,
BTS,ibighit,Danger,Official Music Video,https://www.youtube.com/watch?v=43r6lXilbcQ,
BTS,ibighit,DNA,Official Music Video,https://www.youtube.com/watch?v=MBdVXkSdhwU,
BTS,1theK,Dope,Official Music Video,https://www.youtube.com/watch?v=BVwAVbKYYeM,
BTS,ibighit,Fake Love,Official MV,https://www.youtube.com/watch?v=7C2z4GqqS5E,
BTS,1theK,Fire,Official Music Video,https://www.youtube.com/watch?v=ALj5MKjy2BU,
BTS,1theK,I NEED U,Official Music Video (Original Version),https://www.youtube.com/watch?v=2gWIjRqvtnI,
BTS,ibighit,I NEED U,Official Music Video (Original Version),https://www.youtube.com/watch?v=jjskoRh8GTE,
BTS,1theK,I NEED U ,Official Music Video,https://www.youtube.com/watch?v=NMdTd9e-LEI,
BTS,ibighit,Just one day,Official Music Video,https://www.youtube.com/watch?v=dzAwJW107nk,
BTS,ibighit,Luv is,Official Music Video,https://www.youtube.com/watch?v=RbeJjvNh8og,
BTS,ibighit,Mic Drop (Steve Aoki Remix),Official Music Video,https://www.youtube.com/watch?v=kTlv5_Bs8aw,
BTS,ibighit,N.O,Official Music Video,https://www.youtube.com/watch?v=r5GaAEHvHj0,
BTS,ibighit,No More Dream,Official Music Video,https://www.youtube.com/watch?v=rBG5L7UsUxA,
BTS,ibighit,Not Today,Official Music Video,https://www.youtube.com/watch?v=9DwzBICPhdM,
BTS,ibighit,RUN,Official Music Video,https://www.youtube.com/watch?v=wKysONrSmew,
BTS,ibighit,Save Me,Official Music Video,https://www.youtube.com/watch?v=GZjt_sA2eso,
BTS,ibighit,Spring Day,Official Music Video,https://www.youtube.com/watch?v=xEeFrLSkMm8,
BTS,1theK,War of Hormone,Official Music Video,https://www.youtube.com/watch?v=XQmpVHUi-0A,
BTS,ibighit,War of Hormone,Official Music Video,https://www.youtube.com/watch?v=Hhph0_CdUHg,
BTS,ibighit,We Are Bulletproof Pt. 2,Official Music Video,https://www.youtube.com/watch?v=lE9lkSdtZeQ,
C-Clown,C-Clown Official,Let's Love,Official Music Video,https://www.youtube.com/watch?v=8GczGlJPbAk,
C-Clown,1theK,Shaking Heart,Official Music Video,https://www.youtube.com/watch?v=0e56l-8K3jU,
C-Clown,C-Clown Official,Shaking Heart,Official Music Video,https://www.youtube.com/watch?v=shPcgfkpMGs,
C-Clown,1theK,Solo,Official Music Video,https://www.youtube.com/watch?v=lvbGmWIHM6k,
C-Clown,C-Clown Official,Solo,Official Music Video,https://www.youtube.com/watch?v=LEvLMVOC_qo,
C-Clown,1theK,"Young Love, Far Away",Dance Version,https://www.youtube.com/watch?v=7GeGEfqQ9Rs,
C-Clown,1theK,"Young Love, Far Away",Member Ver,https://www.youtube.com/watch?v=Cvt7ui07gQs,
C-Clown,1theK,"Young Love, Far Away",Official Music Video,https://www.youtube.com/watch?v=wRQzgVIButQ,
C-Clown,C-Clown Official,"Young Love, Far Away",Member Ver,https://www.youtube.com/watch?v=ueKYirEXBiY,
C-Clown,C-Clown Official,"Young Love, Far Away",Official Music Video,https://www.youtube.com/watch?v=ROecOQcr07A,
C-Clown,C-Clown Official,"Young Love, Far Away",Set Ver,https://www.youtube.com/watch?v=e43nUTT51BU,
CLC,1theK,Black Dress,Official MV,https://www.youtube.com/watch?v=hF6Wds75rjg,
CLC,CLC 씨엘씨 (Official YouTube Channel),Black Dress,Official MV,https://www.youtube.com/watch?v=4Ic9crCZOfE,
CLC,United CUBE (CUBE Entertainment Official YouTube Channel),Black Dress,Dance Practice,https://www.youtube.com/watch?v=OZAy2i1RpXQ,
CLC,1theK,Distance,Official MV,https://www.youtube.com/watch?v=He0-VrNzMHY,
CLC,CLC 씨엘씨 (Official YouTube Channel),Distance,Official MV,https://www.youtube.com/watch?v=Qv5JSMpBHf4,
CLC,CLC 씨엘씨 (Official YouTube Channel),High Heels,Official MV,https://www.youtube.com/watch?v=0yAN3zJQPUg,
CLC,Stone Music Entertainment,High Heels,Official MV,https://www.youtube.com/watch?v=eyPSsQcmgiA,
CLC,United CUBE (CUBE Entertainment Official YouTube Channel),High Heels,Dance Practice,https://www.youtube.com/watch?v=ey0e2-FBGxQ,
CLC,CLC 씨엘씨 (Official YouTube Channel),Hobgoblin,Official MV,https://www.youtube.com/watch?v=u9OxRFab6o4,
CLC,Stone Music Entertainment,Hobgoblin,Official MV,https://www.youtube.com/watch?v=rJYDix4FttA,
CLC,United CUBE,Hobgoblin,MV Dance Version,https://www.youtube.com/watch?v=TcdeTC0W16k,
CLC,United CUBE (CUBE Entertainment Official YouTube Channel),Hobgoblin,Dance Practice,https://www.youtube.com/watch?v=lyzpY6RkUA8,
CLC,United CUBE (CUBE Entertainment Official YouTube Channel),I Like It,Official MV,https://www.youtube.com/watch?v=VJ2u7pIyV9I,
CLC,CLC 씨엘씨 (Official YouTube Channel),Like,Official MV,https://www.youtube.com/watch?v=hhlU34DloDY,
CLC,CLC 씨엘씨 (Official YouTube Channel),No Oh Oh,Official MV,https://www.youtube.com/watch?v=xBGTgR1RyV8,
CLC,Stone Music Entertainment,No Oh Oh,Official MV,https://www.youtube.com/watch?v=GoV7B9K23ts,
CLC,United CUBE (CUBE Entertainment Official YouTube Channel),No Oh Oh,Dance Practice,https://www.youtube.com/watch?v=ACHpetRfYyE,
CLC,CLC 씨엘씨 (Official YouTube Channel),Pepe,Official MV,https://www.youtube.com/watch?v=3qmsJbJasfo,
CLC,United CUBE (CUBE Entertainment Official YouTube Channel),Pepe,Dance Practice,https://www.youtube.com/watch?v=9GOCwqSeRLs,
CLC,United CUBE (CUBE Entertainment Official YouTube Channel),Pepe,Dance Practice (New Version),https://www.youtube.com/watch?v=GpR7iO6TANQ,
CLC,United CUBE (CUBE Entertainment Official YouTube Channel),Summer Kiss,Dance Practice,https://www.youtube.com/watch?v=V331Tvsyc3w,
CLC,United CUBE (CUBE Entertainment Official YouTube Channel),To The Sky,Dance Practice,https://www.youtube.com/watch?v=alLVPWtWZDE,
CLC,CLC 씨엘씨 (Official YouTube Channel),Where Are You?,Official MV,https://www.youtube.com/watch?v=khEW_JABKjw,
CLC,Stone Music Entertainment,Where Are You?,Official MV,https://www.youtube.com/watch?v=lNUP5B_NZUE,
CLC,United CUBE (CUBE Entertainment Official YouTube Channel),Where Are You?,Dance Practice,https://www.youtube.com/watch?v=g0P3AM-MaIM,
CNBlue,1theK,Between Us,Official Music Video,https://www.youtube.com/watch?v=oHaSMGJRSAQ,
CNBlue,CNBLUE,Can't Stop,Official Music Video,https://www.youtube.com/watch?v=75KBwVtd_W0,
CNBlue,CNBLUE,Cinderella,Official Music Video,https://www.youtube.com/watch?v=YLay6l7CakM,
CNBlue,CNBLUE,Hey You,Official Music Video,https://www.youtube.com/watch?v=hZYuZ5DIvn4,
CNBlue,CNBLUE,I'm a Loner,Official Music Video,https://www.youtube.com/watch?v=7arOrCfvumQ,
CNBlue,CNBLUE,I'm Sorry,Official Music Video,https://www.youtube.com/watch?v=4p3cKsDCA0Y,
CNBlue,CNBLUE,Intuition,Official Music Video,https://www.youtube.com/watch?v=_500iqJggs0,
CNBlue,CNBLUE,Love,Official Music Video,https://www.youtube.com/watch?v=sl1U81q_vkY,
CNBlue,CNBLUE,Love Girl,Official Music Video,https://www.youtube.com/watch?v=YmyCA91xJ5Y,
CNBlue,CNBLUE,Starting Over,Official Music Video,https://www.youtube.com/watch?v=k079kBwoKN8,
CNBlue,1theK,You're So Fine,Official Music Video,https://www.youtube.com/watch?v=wAZJ_9D6lM4,
Cosmic Girls,starshipTV,Catch Me,Official Music Video,https://www.youtube.com/watch?v=VtLwAAhhXBo,
Cosmic Girls,starshipTV,Happy,Official Music Video,https://www.youtube.com/watch?v=sZVB_zCBlCU,
Cosmic Girls,1theK,I Wish,Official Music Video,https://www.youtube.com/watch?v=J7gOqqbBW6w,
Cosmic Girls,1theK,Momomo,Official Music Video,https://www.youtube.com/watch?v=RRJqH0Plqg8,
Cosmic Girls,starshipTV,Secret,Official Music Video,https://www.youtube.com/watch?v=_uJxJ7tSi1w,
Cross Gene,Cross Gene,Amazing Bad Lady,Official Music Video,https://www.youtube.com/watch?v=abcv7Ua1JrU,
Cross Gene,Cross Gene,Black or White,Official Music Video,https://www.youtube.com/watch?v=cVGIDmKOgOQ,
Cross Gene,Cross Gene,La-Di-Da-Di,Official Music Video,https://www.youtube.com/watch?v=QTCXEQ3zmUY,
Cross Gene,Cross Gene,Noona You,Official Music Video,https://www.youtube.com/watch?v=b6l-CkRJOJs,
Cross Gene,Cross Gene,Play with Me,Official Music Video,https://www.youtube.com/watch?v=XP7dMPSqtO0,
Dalshabet,1theK,Be Ambitious,Official MV,https://www.youtube.com/watch?v=7jtMbtq8wT0,
Dalshabet,1theK,Big Baby Baby,Official MV,https://www.youtube.com/watch?v=vGKeA3xUzxU,
Dalshabet,1theK,Bling Bling,Official MV,https://www.youtube.com/watch?v=ffNImPit_WY,
Dalshabet,1theK,Fri. Sat. Sun,Official MV,https://www.youtube.com/watch?v=GTK6ja_NJro,
Dalshabet,Dalshabet,Fri. Sat. Sun,Dance Practice,https://www.youtube.com/watch?v=ltA1XFWGszE,
Dalshabet,Stone Music Entertainment,"Hate, Don't Hate!",Official MV,https://www.youtube.com/watch?v=C6yPTVCBOmA,
Dalshabet,1theK,Joker,Official MV,https://www.youtube.com/watch?v=a5seeyaBMsc,
Dalshabet,Happyface entertainment,Mr. BangBang,Official MV,https://www.youtube.com/watch?v=vug5kMq4nTc,
Dalshabet,Stone Music Entertainment,Mr. BangBang,Official MV,https://www.youtube.com/watch?v=0tVe-60aQ5Q,
Dalshabet,1theK,Someone Like U,Official MV,https://www.youtube.com/watch?v=6H1QOFBNRWs,
Dalshabet,Dalshabet,Someone Like U,Dance Practice,https://www.youtube.com/watch?v=9mLJ6zEhGNo,
Dalshabet,Happyface entertainment,Supa Dupa Diva,Official MV,https://www.youtube.com/watch?v=Tuqm2YwoX10,
Dara,2NE1,Kiss,Official MV,https://www.youtube.com/watch?v=ZAqiMCp9zrI,
Day6,jypentertainment,All Alone,Official MV,https://www.youtube.com/watch?v=Fd-elEnkInw,
Day6,jypentertainment,Congratulations,Official MV,https://www.youtube.com/watch?v=x3sFsHrUyLQ,
Day6,jypentertainment,Dance Dance,Official MV,https://www.youtube.com/watch?v=NAW0idSQ6Zs,
Day6,jypentertainment,Hi Hello,Official MV,https://www.youtube.com/watch?v=D7c7rBv-FUU,
Day6,jypentertainment,How Can I Say,Official MV,https://www.youtube.com/watch?v=dwywhL1PenQ,
Day6,jypentertainment,I Like You,Official MV,https://www.youtube.com/watch?v=daoMYJv8i0c,
Day6,jypentertainment,I Loved You,Official Music Video,https://www.youtube.com/watch?v=EwLMA5XYnKI,
Day6,jypentertainment,I Smile,Official MV,https://www.youtube.com/watch?v=g4V36AfI4Ng,
Day6,jypentertainment,I Wait,Official MV,https://www.youtube.com/watch?v=O3nFopIjmjI,
Day6,jypentertainment,I'm Serious,Official MV,https://www.youtube.com/watch?v=ZmHQbzbM8pI,
Day6,jypentertainment,Letting Go,Official MV,https://www.youtube.com/watch?v=1-1TGNmQqZA,
Day6,jypentertainment,What Can I Do,Official MV,https://www.youtube.com/watch?v=4RJWqIEo_Tc,
Day6,jypentertainment,When You Love Someone,Official MV,https://www.youtube.com/watch?v=qWQ1xOfUNYQ,
Day6,jypentertainment,You Were Beautiful,Official MV,https://www.youtube.com/watch?v=BS7tz2rAOSA,
Dreamcatcher,Happyface entertainment,Fly High,Official Music Video,https://www.youtube.com/watch?v=39yeTdIuKJU,
Dreamcatcher,Happyface entertainment,Full Moon,Dance Practice,https://www.youtube.com/watch?v=Cco1exoXb94,
Exo,SMTOWN,Electric Kiss,Dance Practice,https://www.youtube.com/watch?v=XcdLVKYsHHU,
Exo,SMTOWN,Electric Kiss,Official Music Video (Short Version),https://www.youtube.com/watch?v=BC19fhyTG_M,
Exo,Mnet K-POP,Ko Ko Bop,Comeback Stage,https://www.youtube.com/watch?v=bc0XW89yKrk,
Exo,SMTOWN,Ko Ko Bop,Official Music Video,https://www.youtube.com/watch?v=IdssuxDdqKk,
Exo,SMTOWN,Lotto,Official Music Video,https://www.youtube.com/watch?v=tbe3pe2BtwA,
Exo,SMTOWN,Love Me Right,Official Music Video,https://www.youtube.com/watch?v=RuqaVryDRd0,
Exo,SMTOWN,Lucky One,Official Music Video,https://www.youtube.com/watch?v=73QzQYN8FtE,
Exo,SMTOWN,Monster,Dance Practice,https://www.youtube.com/watch?v=e8q3OET5dwk,
Exo,SMTOWN,Monster,Official Music Video,https://www.youtube.com/watch?v=KSH-FVVtTf0,
Exo,SMTOWN,Monster,Performance Video,https://www.youtube.com/watch?v=GsFBebSzvNU,
Exo,Mnet K-POP,Power,Comeback Stage,https://www.youtube.com/watch?v=Cc4hO9RLdl4,
Exo,Mnet K-POP,Power,Comeback Stage,https://www.youtube.com/watch?v=QxYzQzqrKOQ,
Exo,SMTOWN,Power,Official Music Video,https://www.youtube.com/watch?v=sGRv8ZBLuW0,
Exo,Mnet K-POP,The Eve,Comeback Stage,https://www.youtube.com/watch?v=fz6SHUbvgwo,
Exo,SMTOWN,The Eve,Dance Practice,https://www.youtube.com/watch?v=b6ycw7p9-bE,
Exo,SMTOWN,Universe,Official Music Video,https://www.youtube.com/watch?v=leu-cTvMWTA,
Exo-CBX,SMTOWN,Blooming Day,Dance Practice,https://www.youtube.com/watch?v=UdjEoGzXxmI,
Exo-CBX,SMTOWN,Blooming Day,Official Music Video,https://www.youtube.com/watch?v=Ib674A1yMtg,
Exo-CBX,SMTOWN,Hey Mama,Official Music Video,https://www.youtube.com/watch?v=AOzVyVv1HtQ,
Exo-CBX,SMTOWN,Horololo,Official Music Video,https://www.youtube.com/watch?v=5sIaUu2igUY,
Exo-CBX,SMTOWN,Ka-Ching,Official Music Video (Short Version),https://www.youtube.com/watch?v=XNwYapPXNkw,
Exo-K,SMTOWN,Call Me Baby,Official Music Video,https://www.youtube.com/watch?v=yWfsla_Uh80,
Exo-K,SMTOWN,Growl,Dance Practice,https://www.youtube.com/watch?v=tiV4yyZF4mc,
Exo-K,SMTOWN,Growl,Official Music Video,https://www.youtube.com/watch?v=I3dezFzsNss,
Exo-K,SMTOWN,History,Official Music Video,https://www.youtube.com/watch?v=vdejiaoEhFc,
Exo-K,SMTOWN,Mama,Official Music Video,https://www.youtube.com/watch?v=KH6ZwnqZ7Wo,
Exo-K,SMTOWN,Overdose,Official Music Video,https://www.youtube.com/watch?v=TI0DGvqKZTI,
Exo-K,SMTOWN,What is Love,Official Music Video,https://www.youtube.com/watch?v=t6fPzVNIEB0,
Exo-K,SMTOWN,Wolf,Official Music Video,https://www.youtube.com/watch?v=gAal8xHfV0c,
Exo-M,SMTOWN,Call Me Baby,Official Music Video,https://www.youtube.com/watch?v=n-qm0xh0VK4,
Exo-M,SMTOWN,Growl,Official Music Video,https://www.youtube.com/watch?v=6AAKi1OLZzQ,
Exo-M,SMTOWN,History,Official Music Video,https://www.youtube.com/watch?v=i1xFTx8alMU,
Exo-M,SMTOWN,Mama,Official Music Video,https://www.youtube.com/watch?v=eQ9sTtXSDwo,
Exo-M,SMTOWN,Overdose,Official Music Video,https://www.youtube.com/watch?v=MjXHE2foamc,
Exo-M,SMTOWN,What is Love,Official Music Video,https://www.youtube.com/watch?v=7PMRe4k3OSw,
Exo-M,SMTOWN,Wolf,Official Music Video,https://www.youtube.com/watch?v=9dVvdVpPIok,
f(x),SMTOWN,4 Walls,Official MV,https://www.youtube.com/watch?v=4j7Umwfx60Q,
f(x),SMTOWN,Chu,Official MV,https://www.youtube.com/watch?v=Cnz2n5VcV4Q,
f(x),SMTOWN,Danger,Official MV,https://www.youtube.com/watch?v=kKS12iGFyEA,
f(x),SMTOWN,Electric Shock,Official MV,https://www.youtube.com/watch?v=n8I8QGFA1oM,
f(x),SMTOWN,Hot Summer,Official Music Video,https://www.youtube.com/watch?v=z-rftpZ7kCY,
f(x),SMTOWN,La Cha Ta,Official MV,https://www.youtube.com/watch?v=H7MHZpSNJQc,
f(x),SMTOWN,Nu Abo,Official MV,https://www.youtube.com/watch?v=E8ZrPFMr_nY,
f(x),SMTOWN,Red Light,Official MV,https://www.youtube.com/watch?v=iv-8-EgPEY0,
f(x),SMTOWN,Rum Pum Pum Pum,Official MV,https://www.youtube.com/watch?v=xnku4o3tRB4,
G-Dragon,YG ENTERTAINMENT,A Boy,Official MV,https://www.youtube.com/watch?v=PMwWxmrQSGE,
G-Dragon,YG ENTERTAINMENT,Breathe,Official MV,https://www.youtube.com/watch?v=8pin-6JrdHY,
G-Dragon,YG ENTERTAINMENT,Butterfly,Official MV,https://www.youtube.com/watch?v=_k0GsfWrNh0,
G-Dragon,BIGBANG,Coup D'etat,Official MV,https://www.youtube.com/watch?v=C8T6771Sdj8,
G-Dragon,BIGBANG,Crayon,Official MV,https://www.youtube.com/watch?v=t3ULhmadHkg,
G-Dragon,BIGBANG,Crooked,Official Music Video,https://www.youtube.com/watch?v=RKhsHGfrFmY,
G-Dragon,BIGBANG,Go,Official MV,https://www.youtube.com/watch?v=mrwnL62HObI,
G-Dragon,YG ENTERTAINMENT,Heartbreaker,Official MV,https://www.youtube.com/watch?v=LOXEVd-Z7NE,
G-Dragon,BIGBANG,One of a Kind,Official MV,https://www.youtube.com/watch?v=rJnICByeL8Q,
G-Dragon,BIGBANG,That XX,Official MV,https://www.youtube.com/watch?v=j57IzkTFnT8,
G-Dragon,BIGBANG,Untitled 2014,Official MV,https://www.youtube.com/watch?v=9kaCAbIXuyg,
G-Dragon,BIGBANG,Who You?,Official MV,https://www.youtube.com/watch?v=doFK7Eanm3I,
GD x Taeyang,BIGBANG,Good Boy,Official Music Video,https://www.youtube.com/watch?v=1ZRb1we80kM,
Girl's Day,1theK,Darling,Official Music Video,https://www.youtube.com/watch?v=QB4dQcxgJPY,
Girl's Day,1theK,Something,Dance Version,https://www.youtube.com/watch?v=zVO5xTAbxm8,
Girls Generation,SMTOWN,All Night,Clean Ver,https://www.youtube.com/watch?v=f4w8IbQTJpY,
Girls Generation,SMTOWN,Baby Baby,Official MV,https://www.youtube.com/watch?v=J0OGl8WzpXM,
Girls Generation,SMTOWN,Catch Me If You Can,Official MV,https://www.youtube.com/watch?v=b09U0KLv6I4,
Girls Generation,SMTOWN,Chocolate Love,Official MV,https://www.youtube.com/watch?v=A2NkGHkqDZk,
Girls Generation,SMTOWN,Dancing Queen,Official MV,https://www.youtube.com/watch?v=EXZxc8GSXnI,
Girls Generation,SMTOWN,Gee,Official MV,https://www.youtube.com/watch?v=U7mPqycQ0tQ,
Girls Generation,SMTOWN,Genie,Official MV,https://www.youtube.com/watch?v=6SwiSpudKWI,
Girls Generation,SMTOWN,Girls' Generation,Official MV,https://www.youtube.com/watch?v=IbLh4i40I4E,
Girls Generation,SMTOWN,Holiday,Official MV,https://www.youtube.com/watch?v=YwN-CN9EjTg,
Girls Generation,SMTOWN,Hoot,Dance Ver,https://www.youtube.com/watch?v=PfPWxK1BQFI,
Girls Generation,SMTOWN,Hoot,Official MV,https://www.youtube.com/watch?v=F4-SxcCO5d0,
Girls Generation,SMTOWN,I Got A Boy,Official MV,https://www.youtube.com/watch?v=wq7ftOZBy0E,
Girls Generation,SMTOWN,Into The New World,Official MV,https://www.youtube.com/watch?v=0k2Zzkw_-0I,
Girls Generation,SMTOWN,Kissing You,Official MV,https://www.youtube.com/watch?v=r3yxxe66LXs,
Girls Generation,SMTOWN,Lion Heart,Official MV,https://www.youtube.com/watch?v=nVCubhQ454c,
Girls Generation,SMTOWN,Mr. Taxi,Official MV,https://www.youtube.com/watch?v=-QDgMh_9Dy0,
Girls Generation,SMTOWN,Oh!,Dance Practice,https://www.youtube.com/watch?v=S7SYWFeaSqc,
Girls Generation,SMTOWN,Oh!,Official MV,https://www.youtube.com/watch?v=TGbwL8kSpEk,
Girls Generation,SMTOWN,Party,Official MV,https://www.youtube.com/watch?v=HQzu7NYlZNQ,
Girls Generation,SMTOWN,Run Devil Run,Official MV,https://www.youtube.com/watch?v=q_gfD3nvh-8,
Girls Generation,SMTOWN,The Boys,Official MV,https://www.youtube.com/watch?v=6pA_Tou-DPI,
Girls Generation,SMTOWN,You Think,Official MV,https://www.youtube.com/watch?v=hJYGddE0vHc,
Got7,jypentertainment,A,Official Music Video,https://www.youtube.com/watch?v=eISomx-VMow,
Got7,jypentertainment,Fly,Official Music Video,https://www.youtube.com/watch?v=Q4vFviZ4qw0,
Got7,jypentertainment,Hard Carry,Official Music Video,https://www.youtube.com/watch?v=O57jr1oZDIw,
Got7,jypentertainment,Just Right,Official Music Video,https://www.youtube.com/watch?v=vrdk3IGcau8,
Got7,jypentertainment,Look,Official Music Video,https://www.youtube.com/watch?v=sS0LCjOiIhc,
Got7,jypentertainment,Never Ever,Official Music Video,https://www.youtube.com/watch?v=IZ1t7CwfvEc,
Got7,jypentertainment,Teenager,Official Music Video (Performance Version),https://www.youtube.com/watch?v=MPhAEcLaiNs,
Got7,jypentertainment,You Are,Official Music Video,https://www.youtube.com/watch?v=ktc8XDBq93k,
Got7,KBSKpop,You Are,Live Performance,https://www.youtube.com/watch?v=WenZFACqsrg,
gugudan,gugudan,A Girl Like Me,Official Music Video,https://www.youtube.com/watch?v=yQxtwvLUByM,
gugudan,gugudan,Chococo,Official Music Video,https://www.youtube.com/watch?v=vLVSf_yI_r8,
gugudan,CJENMMUSIC Official,Wonderland,Official Music Video,https://www.youtube.com/watch?v=Ej-PBlE4ODQ,
Hello Venus,fantagio,I'm Ill,Official Music Video,https://www.youtube.com/watch?v=OtSS4xcdXpI,
Hello Venus,fantagio,Mysterious,Official Music Video,https://www.youtube.com/watch?v=Sshzpg9riAY,
Hello Venus,fantagio,Sticky Sticky,Official Music Video,https://www.youtube.com/watch?v=aP2PILSAwLs,
Hello Venus,fantagio,Wiggle Wiggle,Official Music Video,https://www.youtube.com/watch?v=SkRSXFQerZs,
Highlight,Official Highlight,Calling You,Official Music Video,https://www.youtube.com/watch?v=Y7sn_pYPkgw,
Highlight,1theK,Can Be Better,Official Music Video,https://www.youtube.com/watch?v=ZJy8tsVEo9I,
Highlight,1theK,Plz Don't Be Sad,Official Music Video,https://www.youtube.com/watch?v=1kcwvcbO8MI,
History,1theK,Dreamer,Official Music Video,https://www.youtube.com/watch?v=zM5GpSPGk-Y,
History,1theK,Dreamer,Performance Ver,https://www.youtube.com/watch?v=bfAo0oUwDqY,
History,1theK,Might Just Die,Dance Practice,https://www.youtube.com/watch?v=Q2FW4BtGeUU,
History,1theK,Might Just Die,Official Music Video,https://www.youtube.com/watch?v=bCyys9JqOGI,
History,1theK,Might Just Die,Performance Ver,https://www.youtube.com/watch?v=Sa7QfiKGvfk,
History,1theK,Psycho,Official Music Video,https://www.youtube.com/watch?v=yJDc5vYw_UE,
History,1theK,Psycho,Performance Ver,https://www.youtube.com/watch?v=-3NuSt7XBxk,
History,1theK,Queen,Dance Practice,https://www.youtube.com/watch?v=vRtdr3xLhzw,
History,1theK,Queen,Official Music Video,https://www.youtube.com/watch?v=m03Y0PdDUvA,
History,1theK,Queen,Performance Ver,https://www.youtube.com/watch?v=0z0MA1lwIKA,
History,1theK,Tell Me Love,Official Music Video,https://www.youtube.com/watch?v=zeUEOxTd8IE,
History,1theK,What Am I To You,Dance Practice,https://www.youtube.com/watch?v=Rjt_rEwc1es,
History,1theK,What Am I To You,Official Music Video,https://www.youtube.com/watch?v=sYY_rV78pLk,
History,1theK,What Am I To You,Performance Ver,https://www.youtube.com/watch?v=qxFQTL5-isM,
Hyolyn,Official Hyolyn,Dally,Official Music Video,https://www.youtube.com/watch?v=AoZFLCy-P-8,
Hyolyn,starshipTV,Lonely,Official MV,https://www.youtube.com/watch?v=rz8zZs09Rfk,
Hyolyn,1theK,One Step,Official MV,https://www.youtube.com/watch?v=Dqums9eXYVQ,
Hyolyn,starshipTV,One Step,Official MV,https://www.youtube.com/watch?v=mKi73yqy33Q,
Hyolyn,starshipTV,One Way Love,Official MV,https://www.youtube.com/watch?v=0CbE3SqbOdY,
Hyolyn,1theK,Paradise,Official MV,https://www.youtube.com/watch?v=Z6dKyy1bOic,
Hyolyn,starshipTV,Paradise,Official MV,https://www.youtube.com/watch?v=nyphItsO-vU,
Hyolyn,Official Hyolyn,To Do List,Official MV,https://www.youtube.com/watch?v=F4oenLX1WcA,
Hyolyn x Changmo,starshipTV,Blue Moon,Official MV,https://www.youtube.com/watch?v=aBSN0g7CdlU,
Hyolyn x JooYoung,starshipTV,Erase,Official MV,https://www.youtube.com/watch?v=rwNftbOCJKc,
Hyolyn x Kisum,1theK,Fruity,Official MV,https://www.youtube.com/watch?v=pX4fk0VJ9qY,
Hyolyn x Kisum,starshipTV,Fruity,Official MV,https://www.youtube.com/watch?v=X7be8Ib653I,
iKON,iKon,#WYD,Official Music Video,https://www.youtube.com/watch?v=hth1VQNPtj0,
iKON,iKon,Airplane,Official Music Video,https://www.youtube.com/watch?v=ORzHsIWx8UQ,
iKON,iKON,Apology,Dance Practice,https://www.youtube.com/watch?v=UUT1eCtNxgU,
iKON,iKon,Apology,Official Music Video,https://www.youtube.com/watch?v=blSCDrx0CDA,
iKON,iKON,Apology,Official Music Video (Performance Version),https://www.youtube.com/watch?v=pZvTd430IgI,
iKON,iKON,B-Day,Dance Practice,https://www.youtube.com/watch?v=S-uQ_kJhpdM,
iKON,iKon,B-Day,Official Music Video,https://www.youtube.com/watch?v=DvDPinu7pVY,
iKON,iKON,Beautiful,Dance Practice,https://www.youtube.com/watch?v=vUiaG1EpN7A,
iKON,iKon,Bling Bling,Official Music Video,https://www.youtube.com/watch?v=GUFw8wTzF_I,
iKON,iKon,Dumb and Dumber,Official Music Video,https://www.youtube.com/watch?v=QjZkpm7_kRk,
iKON,iKON,Love Scenario,Dance Practice,https://www.youtube.com/watch?v=heIvcW7nw5U,
iKON,iKon,Love Scenario,Official Music Video,https://www.youtube.com/watch?v=vecSVX1QYbQ,
iKON,iKon,My Type,Official Music Video,https://www.youtube.com/watch?v=ZS6vfv4sszg,
iKON,iKON,Rhythm Ta,Dance Practice,https://www.youtube.com/watch?v=y4mgw8AcwL8,
iKON,iKON,Rhythm Ta,Official Music Video,https://www.youtube.com/watch?v=tYI5CriE6XU,
iKON,iKON,Rubber Band,Dance Practice,https://www.youtube.com/watch?v=sFLTqo2emQ8,
iKON,iKon,What's Wrong,Official Music Video,https://www.youtube.com/watch?v=KS2UujCafvQ,
Infinite,woolliment,Back,Official Music Video,https://www.youtube.com/watch?v=YiiqHq_kNnU,
Infinite,woolliment,Bad,Official Music Video,https://www.youtube.com/watch?v=i1oTSAhdzNQ,
Infinite,woolliment,Be Mine,Dance Version,https://www.youtube.com/watch?v=DeuejYoRbps,
Infinite,woolliment,BTD,Dance Version,https://www.youtube.com/watch?v=F8s8v9Mj8XM,
Infinite,woolliment,Come Back Again,Officia MV,https://www.youtube.com/watch?v=Hi54WjHr-DA,
Infinite,woolliment,Destiny,Official Music Video (ver B),https://www.youtube.com/watch?v=BDbpE6qHDSA,
Infinite,woolliment,Last Romeo,Official Music Video,https://www.youtube.com/watch?v=L7kaScuQ0KM,
Infinite,woolliment,Paradise,Official Music Video,https://www.youtube.com/watch?v=Sj0FvZGSzCo,
Infinite,woolliment,She's Back,Official Music Video,https://www.youtube.com/watch?v=weIiaA-h4pk,
Infinite,Wolliment,Tell Me,Official Music Video,https://www.youtube.com/watch?v=TM-gCW45YHc,
Infinite,woolliment,The Chaser,Dance Version,https://www.youtube.com/watch?v=RTXmhKapmCI,
Infinite,Wolliment,The Eye,Dance Practice,https://www.youtube.com/watch?v=0_CyXpP5dyY,
Infinite H,woolliment,Pretty,Official Music Video,https://www.youtube.com/watch?v=efK-S_R1tfk,
j-hope,ibighit,Airplane,Official Music Video,https://www.youtube.com/watch?v=8O_MwlZ2dEg,
j-hope,ibighit,Daydream,Official Music Video,https://www.youtube.com/watch?v=OK3GJ0WIQ8s,
JBJ,1theK,Fantasy,Official Music Video,https://www.youtube.com/watch?v=RGYIpwovVsc,
JBJ,1theK,My Flower,Official Music Video,https://www.youtube.com/watch?v=uexk7jWXYmU,
Jinusean,YG Entertainment,Tell Me One More Time,Official Music Video,https://www.youtube.com/watch?v=4_I1HXMcOoM,
JJ Project,GOT7,Bounce,Official Music Video,https://www.youtube.com/watch?v=1yvic9sAg64,
JJ Project,jypentertainment,"Tomorrow, Today",Official Music Video,https://www.youtube.com/watch?v=ktdqlQ1zhg4,
Jonghyun,SMTOWN,Shinin',Official Music Video,https://www.youtube.com/watch?v=J41qe-TM1DY,
Jun Hyoseong,TSENT2008,Good-night Kiss,Dance Practice,https://www.youtube.com/watch?v=AYAy1YyWfTs,
Jung Ilhoon,BTOB 비투비 (Official YouTube Channel),Forevr Young,Official MV,https://www.youtube.com/watch?v=7H4Nz0Rqdtk,
Jung Ilhoon,BTOB 비투비 (Official YouTube Channel),She's Gone,Official MV,https://www.youtube.com/watch?v=z3KIMpvR4co,
KARA,DSP Kara,Cupid,Official Music Video,https://www.youtube.com/watch?v=74RzHIpZuDY,
KARA,DSPmedia,Honey,Official Music Video,https://www.youtube.com/watch?v=R_AQ7AkVzpM,
KARA,DSP Kara,Jumping,Official Music Video,https://www.youtube.com/watch?v=R-NPP2OrUeU,
KARA,DSPmedia,Lupin,Official Music Video,https://www.youtube.com/watch?v=j7TYiyEhxdI,
KARA,DSP Kara,Mama Mia,Official Music Video,https://www.youtube.com/watch?v=6tK0XUQQ3wA,
KARA,DSP Kara,Step,Official Music Video,https://www.youtube.com/watch?v=zYoYoBtLqOY,
KARD,1theK,Don't Recall,Official Music Video,https://www.youtube.com/watch?v=bBPNwEGjZVg,
KARD,KARD,Don't Recall,Official Music Video,https://www.youtube.com/watch?v=41Dp7Q-SM1Y,
KARD,KARD,Don't Recall,Official Music Video (Performance Version),https://www.youtube.com/watch?v=CvVBQ6n9o_0,
KARD,KARD,Hola Hola,Official Music Video,https://www.youtube.com/watch?v=USx4WyrkfU4,
KARD,KARD,Hola Hola,Official Music Video (Performance Version),https://www.youtube.com/watch?v=M-yisTfIVT4,
KARD,KARD,Oh NaNa,Dance Practice,https://www.youtube.com/watch?v=mQHtfuydbWg,
KARD,KARD,Rumor,Official Music Video,https://www.youtube.com/watch?v=8LPjJ1p4dYs,
KARD,1theK,Trust Me,Official Music Video,https://www.youtube.com/watch?v=ADfFxRvup0c,
KARD,KARD,Trust Me,Official Music Video,https://www.youtube.com/watch?v=dhF3Y7esoWM,
KARD,1theK,You In Me,Official Music Video,https://www.youtube.com/watch?v=tz23WFb8HM0,
KARD,KARD,You In Me,Official Music Video,https://www.youtube.com/watch?v=t1aGbpn-NUI,
KARD,KARD,You In Me,Official Music Video (Performance Version),https://www.youtube.com/watch?v=vvKkaCkWjvY,
KNK,KNK,Back Again,Official Music Video,https://www.youtube.com/watch?v=tp34Lfv3OLc,
KNK,KNK,Knock,Official Music Video,https://www.youtube.com/watch?v=HYVDIZcb6Og,
KNK,CJENMMUSIC Official,Rain,Official Music Video,https://www.youtube.com/watch?v=fBhy9cyQC2U,
KNK,CJENMMUSIC Official,Sun Moon Star,Official Music Video,https://www.youtube.com/watch?v=VtqT-rRQj2A,
KNK,CJENMMUSIC Official,U,Performance Video,https://www.youtube.com/watch?v=d2LmYat0T2w,
Lim Hyunsik,BTOB 비투비 (Official YouTube Channel),Swimming,Official MV,https://www.youtube.com/watch?v=8H5u-jMDWG0,
Lovelyz,woolliment,Ah-Choo,Official Music Video,https://www.youtube.com/watch?v=v7qisJ_KuYI,
Lovelyz,woolliment,Candy Jelly Love,Official Music Video,https://www.youtube.com/watch?v=HRQEs4vOIrY,
Lovelyz,woolliment,Destiny,Official Music Video,https://www.youtube.com/watch?v=S_IBk0RCsOo,
Lovelyz,woolliment,Hi,Official Music Video,https://www.youtube.com/watch?v=zbnRfBGjeaw,
Lovelyz,woolliment,"Now, We",Official Music Video,https://www.youtube.com/watch?v=wMCoQaE0LvQ,
Lovelyz,woolliment,Twinkle,Official Music Video,https://www.youtube.com/watch?v=vDxD4HwEFdY,
Lovelyz,woolliment,Wow,Official Music Video,https://www.youtube.com/watch?v=a1ENnG-s630,
MINX,Official Minx,Why Did You Come To My Home?,Dance Practice,https://www.youtube.com/watch?v=C6AzYpc3UJk,
Miss A,missA,"Bad Girl, Good Girl",Official Music Video,https://www.youtube.com/watch?v=8TeeJvcBdLA,
Momoland,Dublekick Company,BBoom BBoom,Official Music Video,https://www.youtube.com/watch?v=PmmrRK_8Mqo,
Monsta X,starshipTV,All In,Dance Practice,https://www.youtube.com/watch?v=_IRRIZw5yIM,
Monsta X,starshipTV,All In,Official Music Video,https://www.youtube.com/watch?v=wNxPGbk-gwA,
Monsta X,starshipTV,Amen,Dance Practice,https://www.youtube.com/watch?v=z3uz-ahJ7bo,
Monsta X,starshipTV,Beautiful,Dance Practice,https://www.youtube.com/watch?v=iuthdMJBCpo,
Monsta X,starshipTV,Beautiful,Official Music Video,https://www.youtube.com/watch?v=f5Zedh_5DDM,
Monsta X,MONSTA X,Dramarama,Dance Practice,https://www.youtube.com/watch?v=TbdPEsW233o,
Monsta X,starshipTV,Dramarama,Official Music Video,https://www.youtube.com/watch?v=r1afdZk0qcI,
Monsta X,starshipTV,Dramarama,Official Music Video (Performance Version),https://www.youtube.com/watch?v=9Y-oy0Viftg,
Monsta X,starshipTV,Fighter,Dance Practice,https://www.youtube.com/watch?v=zQrguZLv-lk,
Monsta X,starshipTV,Fighter,Official Music Video,https://www.youtube.com/watch?v=5jTtU9VNALs,
Monsta X,starshipTV,Hero,Dance Practice,https://www.youtube.com/watch?v=hb_yGZ9nJik,
Monsta X,starshipTV,Hero,Official Music Video (Rooftop Version),https://www.youtube.com/watch?v=FZ9lJ5ctd0s,
Monsta X,starshipTV,Newton,Official Music Video,https://www.youtube.com/watch?v=TFk0M_Jhr_A,
Monsta X,starshipTV,Shine Forever,Dance Practice,https://www.youtube.com/watch?v=Mh4qF6bIVnI,
Monsta X,starshipTV,Shine Forever,Official Music Video,https://www.youtube.com/watch?v=iewWMqeMpqU,
Monsta X,UNIVERSAL MUSIC JAPAN,Spotlight,Official Music Video,https://www.youtube.com/watch?v=_53QwBl9m88,
Monsta X,starshipTV,Stuck,Dance Practice,https://www.youtube.com/watch?v=Ec7Z7YNdai0,
Monsta X,starshipTV,Stuck,Official Music Video,https://www.youtube.com/watch?v=ro74Ki2jsNg,
Monsta X,1theK,Trespass,Official Music Video,https://www.youtube.com/watch?v=WLeFYKDtw1I,
MR.MR,이호 E&F,Big Man,Close Up Ver,https://www.youtube.com/watch?v=OS5DXyRIc00,
MR.MR,이호 E&F,Big Man,Dance Practice,https://www.youtube.com/watch?v=MCo--auq6fc,
MR.MR,이호 E&F,Big Man,Official Music Video,https://www.youtube.com/watch?v=86zig0kwIRg,
MR.MR,이호 E&F,Do You Feel Me,Official Music Video,https://www.youtube.com/watch?v=4pM9l0jndYI,
MR.MR,이호 E&F,Do You Feel Me,Profile Ver,https://www.youtube.com/watch?v=v_LJY3Buu2M,
MR.MR,이호 E&F,Highway,Dance Practice,https://www.youtube.com/watch?v=o5UsPrUHRhY,
MR.MR,이호 E&F,Highway,Official Music Video,https://www.youtube.com/watch?v=dzXJ0tuRuNY,
MR.MR,이호 E&F,Out,Dance Practice,https://www.youtube.com/watch?v=YFBp0D9fFKU,
MR.MR,이호 E&F,Out,Official Music Video,https://www.youtube.com/watch?v=LmJL9HIHXBA,
MR.MR,이호 E&F,Waiting For You,Official Music Video,https://www.youtube.com/watch?v=gixEcgBOxvs,
N.Flying,N.Flying,Awesome,Official Music Video,https://www.youtube.com/watch?v=I4yiOSuk930,
N.Flying,1theK,Hot Potato,Official Music Video,https://www.youtube.com/watch?v=y1iRckD1ys4,
N.Flying,N.Flying,Lonely,Official Music Video,https://www.youtube.com/watch?v=D5BlM1NMP5c,
N.Flying,1theK,The Real,Official Music Video,https://www.youtube.com/watch?v=WUYzVohEAyE,
NCT 127,SMTOWN,Cherry Bomb,Official Music Video,https://www.youtube.com/watch?v=WkuHLzMMTZM,
NCT 127,SMTOWN,Firetruck,Official Music Video,https://www.youtube.com/watch?v=_psXn_VJ_AE,
NCT 127,SMTOWN,Limitless,Performace Version,https://www.youtube.com/watch?v=zmUn7V6uuZM,
NCT 127,SMTOWN,Limitless,Rough Version,https://www.youtube.com/watch?v=RW8iyJcmve4,
NCT 127,SMTOWN,Touch,Official Music Video,https://www.youtube.com/watch?v=6sHIq41sI-w,
NCT 127,SMTOWN,Touch,Official Music Video (Performance Version),https://www.youtube.com/watch?v=TWla8bwfcMc&t=64s,
NCT 2018,SMTOWN,Black on Black,Dance Practice,https://www.youtube.com/watch?v=tOpTQ3Fuf9s,
NCT 2018,SMTOWN,Black on Black,Official Music Video (Performance Version),https://www.youtube.com/watch?v=1CYH4F1KCw8,
NCT Dream,SMTOWN,Chewing Gum,Official Music Video,https://www.youtube.com/watch?v=fwmvF5ffmhg,
NCT Dream,SMTOWN,Go,Official Music Video,https://www.youtube.com/watch?v=cD8SYW8rjaQ,
NCT Dream,SMTOWN,My First and Last,Official Music Video,https://www.youtube.com/watch?v=4pUc7SD0PmU,
NCT Dream,SMTOWN,We Young,Official Music Video,https://www.youtube.com/watch?v=h3aP1cxwCyk,
NCT U,SMTOWN,7th Sense,Official Music Video,https://www.youtube.com/watch?v=3UGMDJ9kZCA,
NCT U,SMTOWN,Baby Don't Stop,Official Music Video,https://www.youtube.com/watch?v=DR2CtV_khJo,
NCT U,SMTOWN,Baby Don't Stop,Official Music Video,https://www.youtube.com/watch?v=k0DqRstCgj4,
NCT U,SMTOWN,Boss,Dance Practice,https://www.youtube.com/watch?v=-7tSTUR7FG0,
NCT U,SMTOWN,Boss,Official Music Video,https://www.youtube.com/watch?v=0AUFyFEt35g,
NCT U,SMTOWN,Without You,Official Music Video,https://www.youtube.com/watch?v=y6OcvS54KYQ,
NCT U,SMTOWN,Yestoday,Official Music Video,https://www.youtube.com/watch?v=gUWDiXBNohY,
Oh My Girl,woolliment,Closer,Official Music Video,https://www.youtube.com/watch?v=isUudT58Xfk,
Oh My Girl,woolliment,Coloring Book,Official Music Video,https://www.youtube.com/watch?v=7cjZFjWBZI0,
Oh My Girl,woolliment,Cupid,Official Music Video,https://www.youtube.com/watch?v=fCrCUv6rQ7I,
Oh My Girl,woolliment,Liar Liar,Official Music Video,https://www.youtube.com/watch?v=LNZKqhXCv5c,
Oh My Girl,woolliment,Secret Garden,Official Music Video,https://www.youtube.com/watch?v=QIN5_tJRiyY,
Oh My Girl,woolliment,Windy Day,Official Music Video,https://www.youtube.com/watch?v=AJqhKWo89FQ,
Park Bom,2NE1,Don't Cry,Official MV,https://www.youtube.com/watch?v=ypit0NcNV-8,
Pentagon,1theK,Can You Feel It,Official Music Video,https://www.youtube.com/watch?v=5_Dz-hOiZUE,
Pentagon,1theK,Critical Beauty,Official Music Video,https://www.youtube.com/watch?v=LsbWd6sVFeo,
Pentagon,1theK,Gorilla,Official Music Video,https://www.youtube.com/watch?v=-9pJQkZVuTA,
Pentagon,1theK,Like This,Official Music Video,https://www.youtube.com/watch?v=AeLifhqRggg,
Pentagon,1theK,Pretty Pretty,Official Music Video,https://www.youtube.com/watch?v=1Ggyu3ZTFvA,
Pentagon,1theK,Runaway,Official Music Video,https://www.youtube.com/watch?v=vxpRxiNM2sQ,
Pentagon,1theK,Shine,Official Music Video,https://www.youtube.com/watch?v=Nu2yQ1zYDYU,
Playback,1theK,Want You To Say,Official Music Video,https://www.youtube.com/watch?v=mTjEJS6pjfo,
Pristin,1theK,We Like,Official Music Video,https://www.youtube.com/watch?v=J6LAzgZi8N8,
Pristin,1theK,Wee Woo,Official Music Video,https://www.youtube.com/watch?v=wLfHuClrQdI,
Rainbow,Rainbow Official,Bad Man Crying,Dance Practice,https://www.youtube.com/watch?v=ZSC90PIoQkw,
Rainbow,Rainbow Official,Whoo,Official Music Video,https://www.youtube.com/watch?v=URPYRLiGAnY,
Red Velvet,SMTOWN,Bad Boy,Official Music Video,https://www.youtube.com/watch?v=J_CFBjAyPWE,
Red Velvet,SMTOWN,Dumb Dumb,Official Music Video,https://www.youtube.com/watch?v=XGdbaEDVWp0,
Red Velvet,SMTOWN,Happiness,Official Music Video,https://www.youtube.com/watch?v=JFgv8bKfxEs,
Red Velvet,SMTOWN,I Just,Official Music Video,https://www.youtube.com/watch?v=oCvw4ot1-k8,
Red Velvet,SMTOWN,Ice Cream Cake,Official Music Video,https://www.youtube.com/watch?v=glXgSSOKlls,
Red Velvet,SMTOWN,One of These Nights,Official Music Video,https://www.youtube.com/watch?v=9xWiro_tS1k,
Red Velvet,SMTOWN,Peek-A-Boo,Official Music Video,https://www.youtube.com/watch?v=6uJf2IT2Zh8,
Red Velvet,SMTOWN,Peek-A-Boo,Official Music Video,https://www.youtube.com/watch?v=6uJf2IT2Zh8,
Red Velvet,SMTOWN,Rebirth,Official Music Video,https://www.youtube.com/watch?v=bLtRsfnTnlU,
Red Velvet,SMTOWN,Red Flavor,Official Music Video,https://www.youtube.com/watch?v=WyiIGEHQP8o,
Red Velvet,SMTOWN,Rookie,Dance Practice,https://www.youtube.com/watch?v=o845InvtxKk,
Red Velvet,SMTOWN,Rookie,Official Music Video,https://www.youtube.com/watch?v=J0h8-OTC38I,
Red Velvet,SMTOWN,Russian Roulette,Official Music Video,https://www.youtube.com/watch?v=QslJYDX3o8s,
Sechs Kies,SECHSKIES,Couple,SBS Live Performance,https://www.youtube.com/watch?v=YLOKlJRw5s0,
Sechs Kies,SECHSKIES,Something Special,Official Music Video,https://www.youtube.com/watch?v=MEaZkhrHOsE,
Secret,TSENT2008,I'm In Love,Official Music Video,https://www.youtube.com/watch?v=IKTS9xBbAZ8,
Seventeen,1theK,Adore U,Official Music Video,https://www.youtube.com/watch?v=JyQD-B_SqUU,
Seventeen,SEVENTEEN,Adore U,Official Music Video,https://www.youtube.com/watch?v=9rUFQJrCT7M,
Seventeen,1theK,BoomBoom,Official Music Video,https://www.youtube.com/watch?v=IzplmS-VeBc,
Seventeen,SEVENTEEN,BoomBoom,Dance Practice (Front Version),https://www.youtube.com/watch?v=aJgedY9KXaQ,
Seventeen,SEVENTEEN,BoomBoom,Dance Practice (Rearview Version),https://www.youtube.com/watch?v=Yy3n-KYMXF4,
Seventeen,SEVENTEEN,BoomBoom,Dance Practice (Santa Version),https://www.youtube.com/watch?v=9CkuSa0qauo,
Seventeen,SEVENTEEN,BoomBoom,Official Music Video (Dance Version),https://www.youtube.com/watch?v=bCLVNeX4MKw,
Seventeen,1theK,Clap,Official Music Video,https://www.youtube.com/watch?v=S7gn3fl6Sr0,
Seventeen,SEVENTEEN,Clap,Dance Practice,https://www.youtube.com/watch?v=K_qlkKYL-54,
Seventeen,SEVENTEEN,Clap,Official Music Video,https://www.youtube.com/watch?v=CyzEtbG-sxY,
Seventeen,SEVENTEEN,Crazy In Love,Dance Practice,https://www.youtube.com/watch?v=gxsKfg0xK7Q,
Seventeen,1theK,Don't Wanna Cry,Official Music Video (Performance Version),https://www.youtube.com/watch?v=5-WCKa8bSBY,
Seventeen,SEVENTEEN,Don't Wanna Cry,Official Music Video,https://www.youtube.com/watch?v=zEkg4GBQumc,
Seventeen,SEVENTEEN,Healing,Official Music Video,https://www.youtube.com/watch?v=BZD5m9K8hxk,
Seventeen,1theK,Highlight,Official Music Video,https://www.youtube.com/watch?v=A956lNNVTz0,
Seventeen,SEVENTEEN,Highlight,Official Music Video (Choreography Video),https://www.youtube.com/watch?v=p8Qm_EDTyt0,
Seventeen,SEVENTEEN,Just Do It,Official Music Video,https://www.youtube.com/watch?v=YGXiVHTy0JE,
Seventeen,SEVENTEEN,Love Letter,Official Music Video,https://www.youtube.com/watch?v=UwZv5jjPaBE,
Seventeen,1theK,Mansae,Official Music Video,https://www.youtube.com/watch?v=MKbwrcIjfy8,
Seventeen,1theK,Pretty U,Official Music Video,https://www.youtube.com/watch?v=j59LLNMEOZk,
Seventeen,SEVENTEEN,Pretty U,Dance Practice,https://www.youtube.com/watch?v=TpHfh9VUOek,
Seventeen,SEVENTEEN,Pretty U,Official Music Video,https://www.youtube.com/watch?v=J5juKw-mnGw,
Seventeen,SEVENTEEN,Smile Flower,Official Music Video,https://www.youtube.com/watch?v=PFCQiURzLkk,
Seventeen,SEVENTEEN,Thanks,Official Music Video,https://www.youtube.com/watch?v=gZItyr1SNjU,
Seventeen,1theK,Very Nice,Official Music Video,https://www.youtube.com/watch?v=J-wFp43XOrA,
Seventeen,SEVENTEEN,Very Nice,Dance Practice,https://www.youtube.com/watch?v=A1gJQpMSkEU,
Seventeen-Hip Hop Unit,1theK,Trauma,Official Music Video,https://www.youtube.com/watch?v=Re3UemQw74g,
Seventeen-Hip Hop Unit,SEVENTEEN,Trauma,Official Music Video,https://www.youtube.com/watch?v=4tRsEUB6-bk,
Seventeen-Leaders,1theK,Change Up,Official Music Video,https://www.youtube.com/watch?v=Abemkv1z-kE,
Seventeen-Leaders,SEVENTEEN,Change Up,Official Music Video,https://www.youtube.com/watch?v=6iCn6Qpy36k,
Seventeen-Performance Unit,1theK,Lilili Yabbay,Official Music Video,https://www.youtube.com/watch?v=wvBtrgTeeTs,
Seventeen-Performance Unit,SEVENTEEN,Lilili Yabbay,Official Music Video,https://www.youtube.com/watch?v=VKuvYk-FsPM,
Seventeen-Vocal Unit,1theK,Pinwheel,Official Music Video,https://www.youtube.com/watch?v=YfT7Zu-HF28,
Seventeen-Vocal Unit,SEVENTEEN,Pinwheel,Official Music Video,https://www.youtube.com/watch?v=aarBJqitCJE,
Seveteen,SEVENTEEN Japan official Youtube,Call Call Call,Official Music Video,https://www.youtube.com/watch?v=BgR_HJ7aGDY,
SF9,1theK,Easy Love,Official Music Video,https://www.youtube.com/watch?v=YPl7Boo_1ZY,
SF9,FNCEnt,Easy Love,Dance Practice,https://www.youtube.com/watch?v=jqgbXcrzdnk,
SF9,1theK,Fanfare,Official Music Video,https://www.youtube.com/watch?v=id0c8yuwmTg,
SF9,SF9,Fanfare,Dance Practice,https://www.youtube.com/watch?v=L2uOwfDyA2Y,
SF9,SF9,Fanfare,Dance Practice,https://www.youtube.com/watch?v=MJZR_UaRUcI,
SF9,SF9,Fanfare,Dance Practice,https://www.youtube.com/watch?v=znDzogrNX3Q,
SF9,SF9,Fanfare,Official Music Video,https://www.youtube.com/watch?v=WPJ73QUG0MY,
SF9,SF9,Fanfare,Performance Ver,https://www.youtube.com/watch?v=3h2MEnRrLL0,
SF9,FNCEnt,Hide and Seek,Dance Practice,https://www.youtube.com/watch?v=Fbzg7mmxomI,
SF9,SF9,K.O,Dance Practice,https://www.youtube.com/watch?v=AGoBDdW9Z14,
SF9,1theK,O Sole Mio,Official Music Video,https://www.youtube.com/watch?v=sUZeYOLp8Ys,
SF9,FNCEnt,O Sole Mio,Dance Practice,https://www.youtube.com/watch?v=5jrQQxTvwOc,
SF9,FNCEnt,O Sole Mio,Official Music Video,https://www.youtube.com/watch?v=GDkjmQv4PXg,
SF9,FNCEnt,Play With Me,Dance Practice,https://www.youtube.com/watch?v=em0M-KDJ8EU,
SF9,1theK,Roar,Official Music Video,https://www.youtube.com/watch?v=lLg_k_QpFgQ,
SF9,SF9,Roar,Dance Practice,https://www.youtube.com/watch?v=LaXz0pnHMrE,
SF9,SF9,Roar,Official Music Video,https://www.youtube.com/watch?v=whfKIuRKFMo,
SF9,SF9,Roar,Performance Video,https://www.youtube.com/watch?v=FPmlKL1nDXc,
SF9,1theK,So Beautiful,Official Music Video,https://www.youtube.com/watch?v=eEPRgPPclkg,
SF9,SF9,So Beautiful,Official Music Video,https://www.youtube.com/watch?v=kSaayYTLKi8,
SF9,SF9,Still My Lady,Dance Practice,https://www.youtube.com/watch?v=yRu1gGu0AsU,
SF9,SF9,Still My Lady,Official Music Video,https://www.youtube.com/watch?v=OhcVOc-T-EQ,
SF9,FNCEnt,Watch Out,Dance Practice,https://www.youtube.com/watch?v=GWGl1VMGXLI,
SF9,FNCEnt,Why,Dance Practice,https://www.youtube.com/watch?v=_zcg7do9wg8,
SHINee,SMTOWN,1 of 1,Official Music Video,https://www.youtube.com/watch?v=WJua7KEP_oE,
SHINee,SMTOWN,Colorful,Official Music Video,https://www.youtube.com/watch?v=a3bgxXKimGA,
SHINee,SMTOWN,Dream Girl,Official Music Video,https://www.youtube.com/watch?v=vhxjEXDAy6s,
SHINee,UniversaL MUSIC JAPAN,Every Time,Official Music Video,https://www.youtube.com/watch?v=lClARHWctmI,
SHINee,SMTOWN,Everybody,Dance Practice,https://www.youtube.com/watch?v=GUf7hbpmFLg,
SHINee,SMTOWN,Everybody,Official Music Video,https://www.youtube.com/watch?v=hKbNV-4b_g8,
SHINee,SMTOWN,Get The Treasure,Official Music Video,https://www.youtube.com/watch?v=P4Qyk9IBI2s,
SHINee,SMTOWN,Hello,Official Music Video,https://www.youtube.com/watch?v=skZxb5sBoiU,
SHINee,SMTOWN,Juliette,Official Music Video,https://www.youtube.com/watch?v=XwkP3qfwqs8,
SHINee,SMTOWN,Love Like Oxygen,Official Music Video,https://www.youtube.com/watch?v=7_pyar0I3Rc,
SHINee,SMTOWN,Lucifer,Official Music Video,https://www.youtube.com/watch?v=Dww9UjJ4Dt8,
SHINee,SMTOWN,Married to the Music,Official Music Video,https://www.youtube.com/watch?v=bcu7yZBeSKw,
SHINee,SMTOWN,Replay,Official Music Video,https://www.youtube.com/watch?v=VTASffPQGhY,
SHINee,SMTOWN,Ring Ding Dong,Official Music Video,https://www.youtube.com/watch?v=roughtzsCDI,
SHINee,SMTOWN,Tell Me What To Do,Official Music Video,https://www.youtube.com/watch?v=nchkAmc49p4,
SHINee,SMTOWN,View,Official Music Video,https://www.youtube.com/watch?v=UF53cptEE5k,
SHINee,SMTOWN,View,Official Music Video (Performance Version),https://www.youtube.com/watch?v=s1xmO4w_afc,
SHINee,SMTOWN,Why So Serious,Official Music Video,https://www.youtube.com/watch?v=hgeAmF7bgoE,
Sistar,starshipTV,I Like That,Official Music Video,https://www.youtube.com/watch?v=LJVUjmNMF8c,
Sistar,starshipTV,Lonely,Official Music Video,https://www.youtube.com/watch?v=KbXV2R_Yd1E,
SNSD,SMTOWN,Holiday,Official Music Video,https://www.youtube.com/watch?v=YwN-CN9EjTg,
SNSD,SMTOWN,Mr.Mr.,Official Music Video,https://www.youtube.com/watch?v=Z8j_XEn9b_8,
Stray Kids,jypentertainment,District 9,Official Music Video,https://www.youtube.com/watch?v=u6unJQownW4,
Stray Kids,jypentertainment,Grow Up,Official Music Video,https://www.youtube.com/watch?v=a4jiotDjHe4,
Stray Kids,jypentertainment,Grr,Official Music Video (Performance Version),https://www.youtube.com/watch?v=Sy3ERg7OCWo,
Stray Kids,jypentertainment,Hellevator,Official Music Video,https://www.youtube.com/watch?v=AdfIfFGCqgo,
Stray Kids,jypentertainment,Young Wing,Official Music Video (Performance Version),https://www.youtube.com/watch?v=Xo8FPXlI3CU,
Sunmi,1theK,Gashina,Official MV,https://www.youtube.com/watch?v=ur0hCdne2-s,
Super Junior,SMTOWN,Black Suit,Comeback Stage,https://www.youtube.com/watch?v=2x5Myd95fH0,
T-ara,MBK Entertainment [Official],Number Nine,Official Music Video,https://www.youtube.com/watch?v=Qk52ypnGs68,
T-ara,KBS WORLD TV,Sugar Free,Live Performance,https://www.youtube.com/watch?v=v45lQQtbhy4,
Taemin,SMTOWN,Danger,Official Music Video,https://www.youtube.com/watch?v=UF8m2JIDjKU,
Taemin,SMTOWN,Day and Night,Official Music Video,https://www.youtube.com/watch?v=yr_OsRLDj1E,
Taemin,SMTOWN,Move,Dance Practice,https://www.youtube.com/watch?v=_cAskH1PtmQ,
Taemin,SMTOWN,Move,Official Music Video,https://www.youtube.com/watch?v=rcEyUNeZqmY,
Taemin,SMTOWN,Press Your Number,Official Music Video,https://www.youtube.com/watch?v=XsOGiTSZ_cg,
Taeyang,BIGBANG,"Eyes, Nose, Lips",Official Music Video,https://www.youtube.com/watch?v=UwuAPyOImoI,
Teamin,SMTOWN,Drip Drop,Official Music Video (Performance Version),https://www.youtube.com/watch?v=Oz3mm3tPKfg,
Teen Top,TEEN TOP Official,Ah-Ah,Dance Practice,https://www.youtube.com/watch?v=pOzxv5f_oEg,
Ten,SMTOWN,New Heros,Official Music Video,https://www.youtube.com/watch?v=VM-g_bkFdzo,
ToppDogg,Hunus Entertainment,Annie,Official Music Video,https://www.youtube.com/watch?v=gjuQlblzVRg,
ToppDogg,Hunus Entertainment,Arario,Official Music Video,https://www.youtube.com/watch?v=ascOzpuacLY,
ToppDogg,Hunus Entertainment,Cigarette,Official Music Video,https://www.youtube.com/watch?v=QozQ0MJW5rM,
ToppDogg,Hunus Entertainment,Follow Me,Official Music Video,https://www.youtube.com/watch?v=uWgYrutpcGw,
ToppDogg,Hunus Entertainment,Rainy Day,Official Music Video,https://www.youtube.com/watch?v=75_-jTtBxtg,
ToppDogg,Hunus Entertainment,The Beat,Official Music Video,https://www.youtube.com/watch?v=urmX0l5aBs8,
ToppDogg,Hunus Entertainment,TOPDOG,Official Music Video,https://www.youtube.com/watch?v=wjRpn51N1u8,
TVXQ!,SMTOWN,Love Line,Official Music Video,https://www.youtube.com/watch?v=vHvwuBzimIU,
TVXQ!,SMTOWN,The Chance of Love,Official Music Video,https://www.youtube.com/watch?v=3wnHiK5sKgA,
Twice,TWICE JAPAN OFFICIAL YouTube Channel,Candy Pop,Official Music Video,https://www.youtube.com/watch?v=wQ_POfToaVY,
Twice,jypentertainment,Cheer Up,Official Music Video,https://www.youtube.com/watch?v=c7rCyll5AeY,
Twice,TWICE,Cheer Up,Dance Practice,https://www.youtube.com/watch?v=7T4wxA2BGTo,
Twice,jypentertainment,Heart Shaker,Official Music Video,https://www.youtube.com/watch?v=rRzxEiBLQCA,
Twice,TWICE,Heart Shaker,Dance Practice (Practice Room Version),https://www.youtube.com/watch?v=bRveOotrnFA,
Twice,jypentertainment,Knock Knock,Official Music Video,https://www.youtube.com/watch?v=8A2t_tAjMz8,
Twice,TWICE,Knock Knock,Dance Practice,https://www.youtube.com/watch?v=idOQFSu_4Ok,
Twice,jypentertainment,Like Ooh-Ahh,Official Music Video,https://www.youtube.com/watch?v=0rtV5esQT6I,
Twice,TWICE,Like Ooh-Ahh,Dance Practice (Name Tag Version),https://www.youtube.com/watch?v=cszZgUUwLjE,
Twice,jypentertainment,Likey,Official Music Video,https://www.youtube.com/watch?v=V2hlQkVJZhE,
Twice,TWICE,Likey,Dance Practice (No CG Version),https://www.youtube.com/watch?v=aHN1dK2UxE4,
Twice,jypentertainment,Merry & Happy,Official Music Video,https://www.youtube.com/watch?v=zi_6oaQyckM,
Twice,TWICE JAPAN OFFICIAL YouTube Channel,One More Time,Official Music Video,https://www.youtube.com/watch?v=HuoOEry-Yc4,
Twice,jypentertainment,Signal,Official Music Video,https://www.youtube.com/watch?v=VQtonf1fv_s,
Twice,TWICE,Signal,Dance Practice,https://www.youtube.com/watch?v=EpMwiqW8k8o,
Twice,TWICE JAPAN OFFICIAL YouTube Channel,Signal,Official Music Video (Short Version),https://www.youtube.com/watch?v=nrNWpxFflr4,
Twice,jypentertainment,TT,Official Music Video,https://www.youtube.com/watch?v=ePpPVE-GGJw,
Twice,TWICE,TT,Dance Practice,https://www.youtube.com/watch?v=9uypQGzzhns,
Twice,TWICE JAPAN OFFICIAL YouTube Channel,Wake Me Up,Official Music Video,https://www.youtube.com/watch?v=DdLYSziSXII,
Twice,jypentertainment,What is Love,Official Music Video,https://www.youtube.com/watch?v=i0p1bmr0EmE,
Twice,Twice,What is Love,Dance Video,https://www.youtube.com/watch?v=WhHEQ-W3x5Y,
Twice ,TWICE JAPAN OFFICIAL YouTube Channel,TT,Official Music Video,https://www.youtube.com/watch?v=t35H2BVq490,
Up10tion,1theK,Attention,Official Music Video,https://www.youtube.com/watch?v=TGzFv3g3luA,
Up10tion,1theK,Going Crazy,Official Music Video,https://www.youtube.com/watch?v=l-qQUYcqTJs,
Up10tion,1theK,Runner,Official Music Video,https://www.youtube.com/watch?v=kGQSmW8X1H0,
Up10tion,1theK,So Dangerous,Official Music Video,https://www.youtube.com/watch?v=6cBQ9DzpQRk,
Up10tion,1theK,Tonight,Official Music Video,https://www.youtube.com/watch?v=vg0nmaPGCNk,
Up10tion,1theK,White Night,Official Music Video,https://www.youtube.com/watch?v=0yco8SOHz8M,
Vixx,Cjenmmusic,Chained Up,Official Music Video,https://www.youtube.com/watch?v=zZZNAsDW5rc,
Vixx,RealVixx,Chained Up,Dance Practice,https://www.youtube.com/watch?v=yeQrFlCDOQs,
Vixx,RealVixx,Chained Up,Official Music Video,https://www.youtube.com/watch?v=vqzBrI76e4g,
Vixx,Cjenmmusic,Dynamite,Official Music Video,https://www.youtube.com/watch?v=hiL2Zyl4aK0,
Vixx,RealVixx,Dynamite,Dance Practice,https://www.youtube.com/watch?v=kSXikQK1l7o,
Vixx,RealVixx,Dynamite,Official Music Video,https://www.youtube.com/watch?v=4bnIb1JJHdA,
Vixx,Cjenmmusic,Error,Official Music Video,https://www.youtube.com/watch?v=h-kmwFIHa9Q,
Vixx,RealVixx,Error,Dance Practice,https://www.youtube.com/watch?v=AhjkiPjGqQA,
Vixx,RealVixx,Error,Official Music Video,https://www.youtube.com/watch?v=IF8kySIcWNw,
Vixx,Cjenmmusic,Eternity,Official Music Video,https://www.youtube.com/watch?v=2utnKHQ0HyM,
Vixx,RealVixx,Eternity,Dance Practice,https://www.youtube.com/watch?v=RgnG_PoJhNQ,
Vixx,RealVixx,Eternity,Dance Version MV,https://www.youtube.com/watch?v=eBNiU7PwJh4,
Vixx,RealVixx,Eternity,Official Music Video,https://www.youtube.com/watch?v=cIfoNcm8Psw,
Vixx,Cjenmmusic,Fantasy,Official Music Video,https://www.youtube.com/watch?v=0aqTKCWDk0Q,
Vixx,RealVixx,Fantasy,Dance Practice,https://www.youtube.com/watch?v=M76CbVfndT8,
Vixx,RealVixx,Fantasy,Drama Version,https://www.youtube.com/watch?v=uYukViby_jg,
Vixx,RealVixx,Fantasy,Official Music Video,https://www.youtube.com/watch?v=IuaRdAozUI0,
Vixx,Cjenmmusic,G.R.8.U,Official Music Video,https://www.youtube.com/watch?v=-wKcxx1Soao,
Vixx,RealVixx,G.R.8.U,Dance Practice,https://www.youtube.com/watch?v=CI1zKzCURjo,
Vixx,teEN TOP Official,G.R.8.U,Official Music Video,https://www.youtube.com/watch?v=9vIZT-aIUKc,
Vixx,Cjenmmusic,hyde,Official Music Video,https://www.youtube.com/watch?v=R9U5ZiqR-Xo,
Vixx,RealVixx,hyde,Dance Practice,https://www.youtube.com/watch?v=wvbmFvVmBeM,
Vixx,RealVixx,Hyde,Official Music Video,https://www.youtube.com/watch?v=Le0CwBy4SaQ,
Vixx,Cjenmmusic,Love Equation,Official Music Video,https://www.youtube.com/watch?v=hUaciqzBNEU,
Vixx,RealVixx,Love Equation,Dance Practice,https://www.youtube.com/watch?v=uGf_EIVDWQE,
Vixx,RealVixx,Love Equation,Official Music Video,https://www.youtube.com/watch?v=OM4C3uIXk28,
Vixx,Cjenmmusic,Milky Way,Official Music Video,https://www.youtube.com/watch?v=ltdmEbcUzis,
Vixx,RealVixx,Milky Way,Official Music Video,https://www.youtube.com/watch?v=-f_AfN9CNmQ,
Vixx,Cjenmmusic,On and On,Official Music Video,https://www.youtube.com/watch?v=2TcXHDJIShI,
Vixx,RealVixx,On and On,Dance Practice,https://www.youtube.com/watch?v=13yeFLqKTIA,
Vixx,RealVixx,On and On,Official Music Video,https://www.youtube.com/watch?v=d0C6EktpC20,
Vixx,Cjenmmusic,Only U,Official Music Video,https://www.youtube.com/watch?v=RUhyJhRgnHo,
Vixx,Jellyfish,Only U,Official Music Video,https://www.youtube.com/watch?v=m8LCqaYKluQ,
Vixx,RealVixx,Only U,Official Music Video,https://www.youtube.com/watch?v=JGNT6GCU4I8,
Vixx,Cjenmmusic,Rock Ur Body,Official Music Video,https://www.youtube.com/watch?v=xG2sHvfRVOg,
Vixx,RealVixx,Rock Ur Body,Dance Practice,https://www.youtube.com/watch?v=SWqQOyV1B34,
Vixx,RealVixx,Rock Ur Body,Official Music Video,https://www.youtube.com/watch?v=_uRrv67FCb0,
Vixx,RealVixx,Scientist,Official Music Video,https://www.youtube.com/watch?v=MctZLEYlU4s,
Vixx,Cjenmmusic,Shangri-La,Official Music Video,https://www.youtube.com/watch?v=2Eh9AxbfRqg,
Vixx,RealVixx,Shangri-La,Dance Practice,https://www.youtube.com/watch?v=0ZcmWd6GypU,
Vixx,RealVixx,Shangri-La,Official Music Video,https://www.youtube.com/watch?v=CYEaI5y7QaM,
Vixx,RealVixx,Super Hero,Official Music Video,https://www.youtube.com/watch?v=pT0rl2luupY,
Vixx,Cjenmmusic,Thank You for My Love,Official Music Video,https://www.youtube.com/watch?v=reSmtRZAQjo,
Vixx,RealVixx,Thank You for My Love,Official Music Video,https://www.youtube.com/watch?v=Dl4xM2RKJdw,
Vixx,Cjenmmusic,The Closer,Official Music Video,https://www.youtube.com/watch?v=26y7JkQavUY,
Vixx,RealVixx,The Closer,Dance Practice,https://www.youtube.com/watch?v=7l3vtDEOyyg,
Vixx,RealVixx,The Closer,Official Music Video,https://www.youtube.com/watch?v=Q2Rsmi7jhg8,
Vixx,Cjenmmusic,Voodoo Doll,Official Music Video,https://www.youtube.com/watch?v=oGPyyJtM4hE,
Vixx,RealVixx,Voodoo Doll,Dance Practice,https://www.youtube.com/watch?v=E4NcBm4CUhU,
Vixx,RealVixx,Voodoo Doll,Official Music Video,https://www.youtube.com/watch?v=MOG7BexjPjM,
Vixx,RealVixx,Voodoo Doll,Official Music Video (clean ver),https://www.youtube.com/watch?v=r0UIiq4aZ_w,
WannaOne,CJENMMUSIC Official,Beautiful,Dance Practice,https://www.youtube.com/watch?v=DmdezafV6ko,
WannaOne,CJENMMUSIC Official,Beautiful,Official Music Video (Movie Version),https://www.youtube.com/watch?v=o4_tHTmniw4,
WannaOne,CJENMMUSIC Official,Beautiful,Official Music Video (Performance Version),https://www.youtube.com/watch?v=xXWyJEo6VgA,
WannaOne,Stone Music Entertainment,Boomerang,Official Music Video,https://www.youtube.com/watch?v=pmMjkMtpnTc,
WannaOne,CJENMMUSIC Official,Burn It Up,Dance Practice,https://www.youtube.com/watch?v=hqeEcAfHggI,
WannaOne,CJENMMUSIC Official,Burn It Up,Official Music Video (Extended Version),https://www.youtube.com/watch?v=XwGqz8BhHho,
WannaOne,CJENMMUSIC Official,Energetic,Dance Practice,https://www.youtube.com/watch?v=UeekjXMmv38,
WannaOne,CJENMMUSIC Official,Energetic,Official Music Video,https://www.youtube.com/watch?v=EVaV7AwqBWg,
WannaOne,CJENMMUSIC Official,Energetic,Official Music Video (Performance Version),https://www.youtube.com/watch?v=awtuTjNmYkI,
Weki Meki,Weki Meki,I Don't Like Your Girlfriend,Official Music Video,https://www.youtube.com/watch?v=bAsyhiaHzJQ,
Winner,WINNER,Color Ring,Official Music Video,https://www.youtube.com/watch?v=vQIfXg7UukI,
Winner,WINNER,empty,Official Music Video,https://www.youtube.com/watch?v=gEqlF5N8UMs,
Winner,WINNER,Everyday,Official Music Video,https://www.youtube.com/watch?v=d1D1SJ-KqaQ,
Winner,WINNER,Fool,Official Music Video,https://www.youtube.com/watch?v=GsebMOWQiYM,
Winner,WINNER,I'm Young,Official Music Video,https://www.youtube.com/watch?v=P79G22cJe74,
Winner,WINNER,Island,Official Music Video,https://www.youtube.com/watch?v=kRj4toENrnA,
Winner,WINNER,Love Me Love Me,Official Music Video,https://www.youtube.com/watch?v=ppOWR7ZLl7Q,
Winner,WINNER,Really Really,Dance Practice,https://www.youtube.com/watch?v=R006vItSMKk,
Winner,WINNER,Really Really,Official Music Video,https://www.youtube.com/watch?v=4tBnF46ybZk,
Winner,WINNER,Sentimental,Official Music Video,https://www.youtube.com/watch?v=OV9NJGTLm-4,
Wonder Girls,wondergirls,Why So Lonely,Dance Practice,https://www.youtube.com/watch?v=Ne7MMoHCZeY,
Ze:A,ZEA2011,The Day We Broke Up,Dance Practice,https://www.youtube.com/watch?v=51WQ2aPHUhA,
ZE:A,ZEA2011,Watch Out,Animal (High Version),https://www.youtube.com/watch?v=PwSL-xFYkSE,
유진 & 승연 (CLC),United CUBE (CUBE Entertainment Official YouTube Channel),Ponytail,Official MV (Dance version),https://www.youtube.com/watch?v=sYxHiKa91ik,